source_file,row_index,id,timestamp,created_at,mac,campaign_id,start_freq_hz,end_freq_hz
Node1-Bogota.csv,0,208061,1771929017886,1771947018592,d8:3a:dd:f7:1d:f2,176,88000000,108000000
Node1-Bogota.csv,1,208073,1771929138644,1771947139328,d8:3a:dd:f7:1d:f2,176,88000000,108000000
Node1-Bogota.csv,2,208079,1771929258035,1771947258765,d8:3a:dd:f7:1d:f2,176,88000000,108000000
Node1-Bogota.csv,3,208090,1771929377540,1771947378306,d8:3a:dd:f7:1d:f2,176,88000000,108000000
Node1-Bogota.csv,4,208103,1771929498600,1771947499375,d8:3a:dd:f7:1d:f2,176,88000000,108000000
Node1-Bogota.csv,5,208110,1771929618216,1771947619299,d8:3a:dd:f7:1d:f2,176,88000000,108000000
Node1-Bogota.csv,6,208121,1771929738265,1771947739400,d8:3a:dd:f7:1d:f2,176,88000000,108000000
Node1-Bogota.csv,7,208130,1771929858319,1771947859172,d8:3a:dd:f7:1d:f2,176,88000000,108000000
Node1-Bogota.csv,8,208140,1771929977917,1771947978799,d8:3a:dd:f7:1d:f2,176,88000000,108000000
Node1-Bogota.csv,9,208149,1771930097638,1771948098232,d8:3a:dd:f7:1d:f2,176,88000000,108000000
Node1-Bogota.csv,10,208162,1771930218428,1771948219210,d8:3a:dd:f7:1d:f2,176,88000000,108000000
Node1-Bogota.csv,11,208170,1771930337932,1771948338709,d8:3a:dd:f7:1d:f2,176,88000000,108000000
Node1-Bogota.csv,12,208183,1771930458551,1771948459571,d8:3a:dd:f7:1d:f2,176,88000000,108000000
Node1-Bogota.csv,13,208191,1771930578301,1771948579703,d8:3a:dd:f7:1d:f2,176,88000000,108000000
Node1-Bogota.csv,14,208203,1771930699256,1771948699937,d8:3a:dd:f7:1d:f2,176,88000000,108000000
Node1-Bogota.csv,15,208209,1771930817570,1771948818240,d8:3a:dd:f7:1d:f2,176,88000000,108000000
Node1-Bogota.csv,16,208222,1771930937901,1771948939041,d8:3a:dd:f7:1d:f2,176,88000000,108000000
Node1-Bogota.csv,17,208230,1771931057740,1771949058558,d8:3a:dd:f7:1d:f2,176,88000000,108000000
Node1-Bogota.csv,18,208241,1771931178221,1771949178915,d8:3a:dd:f7:1d:f2,176,88000000,108000000
Node1-Bogota.csv,19,208248,1771931297890,1771949299112,d8:3a:dd:f7:1d:f2,176,88000000,108000000
Node1-Bogota.csv,20,208261,1771931418201,1771949419304,d8:3a:dd:f7:1d:f2,176,88000000,108000000
Node1-Bogota.csv,21,208271,1771931537998,1771949538892,d8:3a:dd:f7:1d:f2,176,88000000,108000000
Node1-Bogota.csv,22,208280,1771931657984,1771949658819,d8:3a:dd:f7:1d:f2,176,88000000,108000000
Node1-Bogota.csv,23,208290,1771931778065,1771949779036,d8:3a:dd:f7:1d:f2,176,88000000,108000000
Node1-Bogota.csv,24,208299,1771931897726,1771949898777,d8:3a:dd:f7:1d:f2,176,88000000,108000000
Node1-Bogota.csv,25,208307,1771932017537,1771950018149,d8:3a:dd:f7:1d:f2,176,88000000,108000000
Node1-Bogota.csv,26,208317,1771932137909,1771950138611,d8:3a:dd:f7:1d:f2,176,88000000,108000000
Node1-Bogota.csv,27,208327,1771932258266,1771950258991,d8:3a:dd:f7:1d:f2,176,88000000,108000000
Node1-Bogota.csv,28,208334,1771932377863,1771950378673,d8:3a:dd:f7:1d:f2,176,88000000,108000000
Node1-Bogota.csv,29,208346,1771932498558,1771950499314,d8:3a:dd:f7:1d:f2,176,88000000,108000000
Node1-Bogota.csv,30,208353,1771932618122,1771950618960,d8:3a:dd:f7:1d:f2,176,88000000,108000000
Node1-Bogota.csv,31,208364,1771932737675,1771950738737,d8:3a:dd:f7:1d:f2,176,88000000,108000000
Node1-Bogota.csv,32,208374,1771932858405,1771950859349,d8:3a:dd:f7:1d:f2,176,88000000,108000000
Node1-Bogota.csv,33,208385,1771932978246,1771950979202,d8:3a:dd:f7:1d:f2,176,88000000,108000000
Node1-Bogota.csv,34,208393,1771933097857,1771951098953,d8:3a:dd:f7:1d:f2,176,88000000,108000000
Node1-Bogota.csv,35,208401,1771933217759,1771951218531,d8:3a:dd:f7:1d:f2,176,88000000,108000000
Node1-Bogota.csv,36,208411,1771933338340,1771951339235,d8:3a:dd:f7:1d:f2,176,88000000,108000000
Node1-Bogota.csv,37,208418,1771933458037,1771951458859,d8:3a:dd:f7:1d:f2,176,88000000,108000000
Node1-Bogota.csv,38,208427,1771933577703,1771951578759,d8:3a:dd:f7:1d:f2,176,88000000,108000000
Node1-Bogota.csv,39,208437,1771933698622,1771951699340,d8:3a:dd:f7:1d:f2,176,88000000,108000000
Node1-Bogota.csv,40,208445,1771933818109,1771951818780,d8:3a:dd:f7:1d:f2,176,88000000,108000000
Node1-Bogota.csv,41,208457,1771933938405,1771951939229,d8:3a:dd:f7:1d:f2,176,88000000,108000000
Node1-Bogota.csv,42,208465,1771934057972,1771952058833,d8:3a:dd:f7:1d:f2,176,88000000,108000000
Node1-Bogota.csv,43,208472,1771934177579,1771952178263,d8:3a:dd:f7:1d:f2,176,88000000,108000000
Node1-Bogota.csv,44,208482,1771934298039,1771952298761,d8:3a:dd:f7:1d:f2,176,88000000,108000000
Node1-Bogota.csv,45,208493,1771934418565,1771952419421,d8:3a:dd:f7:1d:f2,176,88000000,108000000
Node1-Bogota.csv,46,208501,1771934538462,1771952539296,d8:3a:dd:f7:1d:f2,176,88000000,108000000
Node1-Bogota.csv,47,208509,1771934658060,1771952658883,d8:3a:dd:f7:1d:f2,176,88000000,108000000
Node1-Bogota.csv,48,208517,1771934777492,1771952778293,d8:3a:dd:f7:1d:f2,176,88000000,108000000
Node1-Bogota.csv,49,208528,1771934898388,1771952899275,d8:3a:dd:f7:1d:f2,176,88000000,108000000
Node1-Bogota.csv,50,208538,1771935017952,1771953019204,d8:3a:dd:f7:1d:f2,176,88000000,108000000
Node1-Bogota.csv,51,208546,1771935138223,1771953139290,d8:3a:dd:f7:1d:f2,176,88000000,108000000
Node1-Bogota.csv,52,208556,1771935258106,1771953259223,d8:3a:dd:f7:1d:f2,176,88000000,108000000
Node1-Bogota.csv,53,208565,1771935378499,1771953379514,d8:3a:dd:f7:1d:f2,176,88000000,108000000
Node1-Bogota.csv,54,208574,1771935498318,1771953499160,d8:3a:dd:f7:1d:f2,176,88000000,108000000
Node1-Bogota.csv,55,208581,1771935618205,1771953619131,d8:3a:dd:f7:1d:f2,176,88000000,108000000
Node1-Bogota.csv,56,208589,1771935737879,1771953738642,d8:3a:dd:f7:1d:f2,176,88000000,108000000
Node1-Bogota.csv,57,208600,1771935858350,1771953859226,d8:3a:dd:f7:1d:f2,176,88000000,108000000
Node1-Bogota.csv,58,208607,1771935978021,1771953978853,d8:3a:dd:f7:1d:f2,176,88000000,108000000
Node1-Bogota.csv,59,208616,1771936097572,1771954098380,d8:3a:dd:f7:1d:f2,176,88000000,108000000
Node1-Bogota.csv,60,208627,1771936218158,1771954219125,d8:3a:dd:f7:1d:f2,176,88000000,108000000
Node1-Bogota.csv,61,208635,1771936337852,1771954339009,d8:3a:dd:f7:1d:f2,176,88000000,108000000
Node1-Bogota.csv,62,208643,1771936457723,1771954458518,d8:3a:dd:f7:1d:f2,176,88000000,108000000
Node1-Bogota.csv,63,208655,1771936578496,1771954579351,d8:3a:dd:f7:1d:f2,176,88000000,108000000
Node1-Bogota.csv,64,208663,1771936698399,1771954699203,d8:3a:dd:f7:1d:f2,176,88000000,108000000
Node1-Bogota.csv,65,208671,1771936817895,1771954818841,d8:3a:dd:f7:1d:f2,176,88000000,108000000
Node1-Bogota.csv,66,208679,1771936937802,1771954938600,d8:3a:dd:f7:1d:f2,176,88000000,108000000
Node1-Bogota.csv,67,208689,1771937058248,1771955059040,d8:3a:dd:f7:1d:f2,176,88000000,108000000
Node1-Bogota.csv,68,208697,1771937177998,1771955178721,d8:3a:dd:f7:1d:f2,176,88000000,108000000
Node1-Bogota.csv,69,208708,1771937298609,1771955300045,d8:3a:dd:f7:1d:f2,176,88000000,108000000
Node1-Bogota.csv,70,208716,1771937417773,1771955418655,d8:3a:dd:f7:1d:f2,176,88000000,108000000
Node1-Bogota.csv,71,208727,1771937538418,1771955539166,d8:3a:dd:f7:1d:f2,176,88000000,108000000
Node1-Bogota.csv,72,208734,1771937657944,1771955658749,d8:3a:dd:f7:1d:f2,176,88000000,108000000
Node1-Bogota.csv,73,208745,1771937778756,1771955779610,d8:3a:dd:f7:1d:f2,176,88000000,108000000
Node1-Bogota.csv,74,208754,1771937898579,1771955899383,d8:3a:dd:f7:1d:f2,176,88000000,108000000
Node1-Bogota.csv,75,208760,1771938018030,1771956018651,d8:3a:dd:f7:1d:f2,176,88000000,108000000
Node1-Bogota.csv,76,208772,1771938138757,1771956139609,d8:3a:dd:f7:1d:f2,176,88000000,108000000
Node1-Bogota.csv,77,208781,1771938258471,1771956259540,d8:3a:dd:f7:1d:f2,176,88000000,108000000
Node1-Bogota.csv,78,208789,1771938378812,1771956379415,d8:3a:dd:f7:1d:f2,176,88000000,108000000
Node1-Bogota.csv,79,208796,1771938498657,1771956499524,d8:3a:dd:f7:1d:f2,176,88000000,108000000
Node1-Bogota.csv,80,208807,1771938618561,1771956619326,d8:3a:dd:f7:1d:f2,176,88000000,108000000
Node1-Bogota.csv,81,208814,1771938738009,1771956738743,d8:3a:dd:f7:1d:f2,176,88000000,108000000
Node1-Bogota.csv,82,208824,1771938858454,1771956859418,d8:3a:dd:f7:1d:f2,176,88000000,108000000
Node1-Bogota.csv,83,208834,1771938978564,1771956979434,d8:3a:dd:f7:1d:f2,176,88000000,108000000
Node1-Bogota.csv,84,208842,1771939098140,1771957098965,d8:3a:dd:f7:1d:f2,176,88000000,108000000
Node1-Bogota.csv,85,208850,1771939217761,1771957218589,d8:3a:dd:f7:1d:f2,176,88000000,108000000
Node1-Bogota.csv,86,208862,1771939338751,1771957339521,d8:3a:dd:f7:1d:f2,176,88000000,108000000
Node1-Bogota.csv,87,208869,1771939458619,1771957459347,d8:3a:dd:f7:1d:f2,176,88000000,108000000
Node1-Bogota.csv,88,208877,1771939578507,1771957579394,d8:3a:dd:f7:1d:f2,176,88000000,108000000
Node1-Bogota.csv,89,208887,1771939698539,1771957699427,d8:3a:dd:f7:1d:f2,176,88000000,108000000
Node1-Bogota.csv,90,208895,1771939818269,1771957818909,d8:3a:dd:f7:1d:f2,176,88000000,108000000
Node1-Bogota.csv,91,208904,1771939937911,1771957938755,d8:3a:dd:f7:1d:f2,176,88000000,108000000
Node1-Bogota.csv,92,208913,1771940057752,1771958058538,d8:3a:dd:f7:1d:f2,176,88000000,108000000
Node1-Bogota.csv,93,208924,1771940178252,1771958178972,d8:3a:dd:f7:1d:f2,176,88000000,108000000
Node1-Bogota.csv,94,208931,1771940297867,1771958298695,d8:3a:dd:f7:1d:f2,176,88000000,108000000
Node1-Bogota.csv,95,208943,1771940418423,1771958419363,d8:3a:dd:f7:1d:f2,176,88000000,108000000
Node1-Bogota.csv,96,208952,1771940538135,1771958539009,d8:3a:dd:f7:1d:f2,176,88000000,108000000
Node1-Bogota.csv,97,208961,1771940658135,1771958659220,d8:3a:dd:f7:1d:f2,176,88000000,108000000
Node1-Bogota.csv,98,208969,1771940778166,1771958779091,d8:3a:dd:f7:1d:f2,176,88000000,108000000
Node1-Bogota.csv,99,208976,1771940898218,1771958899337,d8:3a:dd:f7:1d:f2,176,88000000,108000000
Node1-Bogota.csv,100,208985,1771941018197,1771959018968,d8:3a:dd:f7:1d:f2,176,88000000,108000000
Node1-Bogota.csv,101,208994,1771941137766,1771959138604,d8:3a:dd:f7:1d:f2,176,88000000,108000000
Node1-Bogota.csv,102,209005,1771941258354,1771959259175,d8:3a:dd:f7:1d:f2,176,88000000,108000000
Node1-Bogota.csv,103,209013,1771941378539,1771959379118,d8:3a:dd:f7:1d:f2,176,88000000,108000000
Node1-Bogota.csv,104,209021,1771941498241,1771959499039,d8:3a:dd:f7:1d:f2,176,88000000,108000000
Node10-Bogota.csv,0,208075,1771929139800,1771947140474,d8:3a:dd:f7:1d:90,176,88000000,108000000
Node10-Bogota.csv,1,208085,1771929260067,1771947260817,d8:3a:dd:f7:1d:90,176,88000000,108000000
Node10-Bogota.csv,2,208093,1771929379892,1771947380601,d8:3a:dd:f7:1d:90,176,88000000,108000000
Node10-Bogota.csv,3,208117,1771929500203,1771947658493,d8:3a:dd:f7:1d:90,176,88000000,108000000
Node10-Bogota.csv,4,208113,1771929619838,1771947620440,d8:3a:dd:f7:1d:90,176,88000000,108000000
Node10-Bogota.csv,5,208125,1771929740030,1771947740610,d8:3a:dd:f7:1d:90,176,88000000,108000000
Node10-Bogota.csv,6,208137,1771929860127,1771947860895,d8:3a:dd:f7:1d:90,176,88000000,108000000
Node10-Bogota.csv,7,208147,1771929979378,1771947985141,d8:3a:dd:f7:1d:90,176,88000000,108000000
Node10-Bogota.csv,8,208157,1771930100297,1771948100963,d8:3a:dd:f7:1d:90,176,88000000,108000000
Node10-Bogota.csv,9,208165,1771930220128,1771948220689,d8:3a:dd:f7:1d:90,176,88000000,108000000
Node10-Bogota.csv,10,208176,1771930340283,1771948346118,d8:3a:dd:f7:1d:90,176,88000000,108000000
Node10-Bogota.csv,11,208184,1771930459915,1771948460563,d8:3a:dd:f7:1d:90,176,88000000,108000000
Node10-Bogota.csv,12,208196,1771930580388,1771948581119,d8:3a:dd:f7:1d:90,176,88000000,108000000
Node10-Bogota.csv,13,208207,1771930699882,1771948705691,d8:3a:dd:f7:1d:90,176,88000000,108000000
Node10-Bogota.csv,14,208216,1771930820442,1771948821221,d8:3a:dd:f7:1d:90,176,88000000,108000000
Node10-Bogota.csv,15,208226,1771930940362,1771948941092,d8:3a:dd:f7:1d:90,176,88000000,108000000
Node10-Bogota.csv,16,208236,1771931059735,1771949060763,d8:3a:dd:f7:1d:90,176,88000000,108000000
Node10-Bogota.csv,17,208267,1771931179386,1771949476265,d8:3a:dd:f7:1d:90,176,88000000,108000000
Node10-Bogota.csv,18,208256,1771931300378,1771949301384,d8:3a:dd:f7:1d:90,176,88000000,108000000
Node10-Bogota.csv,19,208263,1771931420234,1771949420963,d8:3a:dd:f7:1d:90,176,88000000,108000000
Node10-Bogota.csv,20,208274,1771931539934,1771949540654,d8:3a:dd:f7:1d:90,176,88000000,108000000
Node10-Bogota.csv,21,208284,1771931660365,1771949661093,d8:3a:dd:f7:1d:90,176,88000000,108000000
Node10-Bogota.csv,22,208294,1771931779948,1771949780835,d8:3a:dd:f7:1d:90,176,88000000,108000000
Node10-Bogota.csv,23,208303,1771931900052,1771949900827,d8:3a:dd:f7:1d:90,176,88000000,108000000
Node10-Bogota.csv,24,208311,1771932019318,1771950020046,d8:3a:dd:f7:1d:90,176,88000000,108000000
Node10-Bogota.csv,25,208321,1771932139519,1771950140108,d8:3a:dd:f7:1d:90,176,88000000,108000000
Node10-Bogota.csv,26,208330,1771932259491,1771950260251,d8:3a:dd:f7:1d:90,176,88000000,108000000
Node10-Bogota.csv,27,208339,1771932379880,1771950380657,d8:3a:dd:f7:1d:90,176,88000000,108000000
Node10-Bogota.csv,28,208350,1771932500505,1771950506297,d8:3a:dd:f7:1d:90,176,88000000,108000000
Node10-Bogota.csv,29,208356,1771932619813,1771950620509,d8:3a:dd:f7:1d:90,176,88000000,108000000
Node10-Bogota.csv,30,208369,1771932740070,1771950740784,d8:3a:dd:f7:1d:90,176,88000000,108000000
Node10-Bogota.csv,31,208379,1771932860342,1771950861200,d8:3a:dd:f7:1d:90,176,88000000,108000000
Node10-Bogota.csv,32,208387,1771932979742,1771950980376,d8:3a:dd:f7:1d:90,176,88000000,108000000
Node10-Bogota.csv,33,208397,1771933100299,1771951101020,d8:3a:dd:f7:1d:90,176,88000000,108000000
Node10-Bogota.csv,34,208404,1771933219712,1771951220423,d8:3a:dd:f7:1d:90,176,88000000,108000000
Node10-Bogota.csv,35,208434,1771933340005,1771951590352,d8:3a:dd:f7:1d:90,176,88000000,108000000
Node10-Bogota.csv,36,208423,1771933460107,1771951460845,d8:3a:dd:f7:1d:90,176,88000000,108000000
Node10-Bogota.csv,37,208430,1771933579472,1771951580299,d8:3a:dd:f7:1d:90,176,88000000,108000000
Node10-Bogota.csv,38,208442,1771933700185,1771951701007,d8:3a:dd:f7:1d:90,176,88000000,108000000
Node10-Bogota.csv,39,208448,1771933819853,1771951820579,d8:3a:dd:f7:1d:90,176,88000000,108000000
Node10-Bogota.csv,40,208461,1771933940557,1771951941284,d8:3a:dd:f7:1d:90,176,88000000,108000000
Node10-Bogota.csv,41,208468,1771934059916,1771952060656,d8:3a:dd:f7:1d:90,176,88000000,108000000
Node10-Bogota.csv,42,208479,1771934180389,1771952181180,d8:3a:dd:f7:1d:90,176,88000000,108000000
Node10-Bogota.csv,43,208485,1771934299827,1771952300620,d8:3a:dd:f7:1d:90,176,88000000,108000000
Node10-Bogota.csv,44,208497,1771934420180,1771952420960,d8:3a:dd:f7:1d:90,176,88000000,108000000
Node10-Bogota.csv,45,208503,1771934539514,1771952540113,d8:3a:dd:f7:1d:90,176,88000000,108000000
Node10-Bogota.csv,46,208513,1771934659982,1771952660671,d8:3a:dd:f7:1d:90,176,88000000,108000000
Node10-Bogota.csv,47,208522,1771934780731,1771952781322,d8:3a:dd:f7:1d:90,176,88000000,108000000
Node10-Bogota.csv,48,208531,1771934899803,1771952900484,d8:3a:dd:f7:1d:90,176,88000000,108000000
Node10-Bogota.csv,49,208542,1771935020229,1771953096339,d8:3a:dd:f7:1d:90,176,88000000,108000000
Node10-Bogota.csv,50,208550,1771935140309,1771953141027,d8:3a:dd:f7:1d:90,176,88000000,108000000
Node10-Bogota.csv,51,208560,1771935259982,1771953260899,d8:3a:dd:f7:1d:90,176,88000000,108000000
Node10-Bogota.csv,52,208569,1771935379532,1771953385352,d8:3a:dd:f7:1d:90,176,88000000,108000000
Node10-Bogota.csv,53,208576,1771935499895,1771953500664,d8:3a:dd:f7:1d:90,176,88000000,108000000
Node10-Bogota.csv,54,208587,1771935620546,1771953621298,d8:3a:dd:f7:1d:90,176,88000000,108000000
Node10-Bogota.csv,55,208594,1771935739988,1771953740759,d8:3a:dd:f7:1d:90,176,88000000,108000000
Node10-Bogota.csv,56,208603,1771935860312,1771953861018,d8:3a:dd:f7:1d:90,176,88000000,108000000
Node10-Bogota.csv,57,208611,1771935979631,1771953980255,d8:3a:dd:f7:1d:90,176,88000000,108000000
Node10-Bogota.csv,58,208619,1771936099930,1771954100669,d8:3a:dd:f7:1d:90,176,88000000,108000000
Node10-Bogota.csv,59,208631,1771936220748,1771954221429,d8:3a:dd:f7:1d:90,176,88000000,108000000
Node10-Bogota.csv,60,208640,1771936339991,1771954340997,d8:3a:dd:f7:1d:90,176,88000000,108000000
Node10-Bogota.csv,61,208650,1771936459804,1771954465520,d8:3a:dd:f7:1d:90,176,88000000,108000000
Node10-Bogota.csv,62,208658,1771936580138,1771954581083,d8:3a:dd:f7:1d:90,176,88000000,108000000
Node10-Bogota.csv,63,208666,1771936699735,1771954700452,d8:3a:dd:f7:1d:90,176,88000000,108000000
Node10-Bogota.csv,64,208677,1771936819969,1771954820820,d8:3a:dd:f7:1d:90,176,88000000,108000000
Node10-Bogota.csv,65,208683,1771936939692,1771954940379,d8:3a:dd:f7:1d:90,176,88000000,108000000
Node10-Bogota.csv,66,208694,1771937059947,1771955060964,d8:3a:dd:f7:1d:90,176,88000000,108000000
Node10-Bogota.csv,67,208701,1771937179598,1771955180288,d8:3a:dd:f7:1d:90,176,88000000,108000000
Node10-Bogota.csv,68,208713,1771937299901,1771955305719,d8:3a:dd:f7:1d:90,176,88000000,108000000
Node10-Bogota.csv,69,208721,1771937420158,1771955421077,d8:3a:dd:f7:1d:90,176,88000000,108000000
Node10-Bogota.csv,70,208731,1771937540456,1771955541296,d8:3a:dd:f7:1d:90,176,88000000,108000000
Node10-Bogota.csv,71,208737,1771937660107,1771955660768,d8:3a:dd:f7:1d:90,176,88000000,108000000
Node10-Bogota.csv,72,208746,1771937779472,1771955780076,d8:3a:dd:f7:1d:90,176,88000000,108000000
Node10-Bogota.csv,73,208756,1771937899702,1771955900659,d8:3a:dd:f7:1d:90,176,88000000,108000000
Node10-Bogota.csv,74,208764,1771938020230,1771956020979,d8:3a:dd:f7:1d:90,176,88000000,108000000
Node10-Bogota.csv,75,208776,1771938139447,1771956145181,d8:3a:dd:f7:1d:90,176,88000000,108000000
Node10-Bogota.csv,76,208784,1771938259975,1771956260765,d8:3a:dd:f7:1d:90,176,88000000,108000000
Node10-Bogota.csv,77,208791,1771938379462,1771956380209,d8:3a:dd:f7:1d:90,176,88000000,108000000
Node10-Bogota.csv,78,208799,1771938499782,1771956500459,d8:3a:dd:f7:1d:90,176,88000000,108000000
Node10-Bogota.csv,79,208810,1771938620136,1771956620789,d8:3a:dd:f7:1d:90,176,88000000,108000000
Node10-Bogota.csv,80,208818,1771938739434,1771956740133,d8:3a:dd:f7:1d:90,176,88000000,108000000
Node10-Bogota.csv,81,208827,1771938860309,1771956860898,d8:3a:dd:f7:1d:90,176,88000000,108000000
Node10-Bogota.csv,82,208838,1771938979720,1771956980387,d8:3a:dd:f7:1d:90,176,88000000,108000000
Node10-Bogota.csv,83,208848,1771939099872,1771957105628,d8:3a:dd:f7:1d:90,176,88000000,108000000
Node10-Bogota.csv,84,208857,1771939220202,1771957316257,d8:3a:dd:f7:1d:90,176,88000000,108000000
Node10-Bogota.csv,85,208884,1771939339882,1771957623468,d8:3a:dd:f7:1d:90,176,88000000,108000000
Node10-Bogota.csv,86,208871,1771939459576,1771957460206,d8:3a:dd:f7:1d:90,176,88000000,108000000
Node10-Bogota.csv,87,208880,1771939579812,1771957580559,d8:3a:dd:f7:1d:90,176,88000000,108000000
Node10-Bogota.csv,88,208892,1771939700321,1771957701039,d8:3a:dd:f7:1d:90,176,88000000,108000000
Node10-Bogota.csv,89,208898,1771939820021,1771957820739,d8:3a:dd:f7:1d:90,176,88000000,108000000
Node10-Bogota.csv,90,208911,1771939941024,1771957941682,d8:3a:dd:f7:1d:90,176,88000000,108000000
Node10-Bogota.csv,91,208918,1771940060482,1771958061219,d8:3a:dd:f7:1d:90,176,88000000,108000000
Node10-Bogota.csv,92,208926,1771940179964,1771958180610,d8:3a:dd:f7:1d:90,176,88000000,108000000
Node10-Bogota.csv,93,208938,1771940300785,1771958301386,d8:3a:dd:f7:1d:90,176,88000000,108000000
Node10-Bogota.csv,94,208946,1771940420037,1771958420712,d8:3a:dd:f7:1d:90,176,88000000,108000000
Node10-Bogota.csv,95,208955,1771940540423,1771958541118,d8:3a:dd:f7:1d:90,176,88000000,108000000
Node10-Bogota.csv,96,208963,1771940659819,1771958660523,d8:3a:dd:f7:1d:90,176,88000000,108000000
Node10-Bogota.csv,97,208974,1771940781022,1771958781624,d8:3a:dd:f7:1d:90,176,88000000,108000000
Node10-Bogota.csv,98,208982,1771940900645,1771958901417,d8:3a:dd:f7:1d:90,176,88000000,108000000
Node10-Bogota.csv,99,208990,1771941020339,1771959021026,d8:3a:dd:f7:1d:90,176,88000000,108000000
Node10-Bogota.csv,100,208998,1771941139785,1771959140409,d8:3a:dd:f7:1d:90,176,88000000,108000000
Node10-Bogota.csv,101,209007,1771941260308,1771959261008,d8:3a:dd:f7:1d:90,176,88000000,108000000
Node10-Bogota.csv,102,209016,1771941379560,1771959380186,d8:3a:dd:f7:1d:90,176,88000000,108000000
Node10-Bogota.csv,103,209025,1771941499670,1771959500373,d8:3a:dd:f7:1d:90,176,88000000,108000000
Node2-Bogota.csv,0,208063,1771929018339,1771947019163,d8:3a:dd:f4:4e:26,176,88000000,108000000
Node2-Bogota.csv,1,208071,1771929137959,1771947138709,d8:3a:dd:f4:4e:26,176,88000000,108000000
Node2-Bogota.csv,2,208082,1771929258642,1771947259268,d8:3a:dd:f4:4e:26,176,88000000,108000000
Node2-Bogota.csv,3,208092,1771929378069,1771947378669,d8:3a:dd:f4:4e:26,176,88000000,108000000
Node2-Bogota.csv,4,208102,1771929498406,1771947499044,d8:3a:dd:f4:4e:26,176,88000000,108000000
Node2-Bogota.csv,5,208111,1771929618089,1771947619350,d8:3a:dd:f4:4e:26,176,88000000,108000000
Node2-Bogota.csv,6,208123,1771929738391,1771947739559,d8:3a:dd:f4:4e:26,176,88000000,108000000
Node2-Bogota.csv,7,208132,1771929858314,1771947859328,d8:3a:dd:f4:4e:26,176,88000000,108000000
Node2-Bogota.csv,8,208142,1771929978256,1771947979464,d8:3a:dd:f4:4e:26,176,88000000,108000000
Node2-Bogota.csv,9,208151,1771930098402,1771948099161,d8:3a:dd:f4:4e:26,176,88000000,108000000
Node2-Bogota.csv,10,208159,1771930217874,1771948218708,d8:3a:dd:f4:4e:26,176,88000000,108000000
Node2-Bogota.csv,11,208173,1771930338451,1771948339428,d8:3a:dd:f4:4e:26,176,88000000,108000000
Node2-Bogota.csv,12,208181,1771930458099,1771948459163,d8:3a:dd:f4:4e:26,176,88000000,108000000
Node2-Bogota.csv,13,208192,1771930577960,1771948579851,d8:3a:dd:f4:4e:26,176,88000000,108000000
Node2-Bogota.csv,14,208200,1771930697524,1771948698433,d8:3a:dd:f4:4e:26,176,88000000,108000000
Node2-Bogota.csv,15,208212,1771930818178,1771948818997,d8:3a:dd:f4:4e:26,176,88000000,108000000
Node2-Bogota.csv,16,208219,1771930937747,1771948938511,d8:3a:dd:f4:4e:26,176,88000000,108000000
Node2-Bogota.csv,17,208233,1771931058193,1771949059598,d8:3a:dd:f4:4e:26,176,88000000,108000000
Node2-Bogota.csv,18,208243,1771931178563,1771949179476,d8:3a:dd:f4:4e:26,176,88000000,108000000
Node2-Bogota.csv,19,208251,1771931298170,1771949299262,d8:3a:dd:f4:4e:26,176,88000000,108000000
Node2-Bogota.csv,20,208260,1771931418176,1771949419223,d8:3a:dd:f4:4e:26,176,88000000,108000000
Node2-Bogota.csv,21,208272,1771931537909,1771949538945,d8:3a:dd:f4:4e:26,176,88000000,108000000
Node2-Bogota.csv,22,208279,1771931657757,1771949658446,d8:3a:dd:f4:4e:26,176,88000000,108000000
Node2-Bogota.csv,23,208292,1771931778174,1771949779133,d8:3a:dd:f4:4e:26,176,88000000,108000000
Node2-Bogota.csv,24,208300,1771931897852,1771949898879,d8:3a:dd:f4:4e:26,176,88000000,108000000
Node2-Bogota.csv,25,208310,1771932018436,1771950019267,d8:3a:dd:f4:4e:26,176,88000000,108000000
Node2-Bogota.csv,26,208318,1771932138437,1771950139128,d8:3a:dd:f4:4e:26,176,88000000,108000000
Node2-Bogota.csv,27,208325,1771932257861,1771950258586,d8:3a:dd:f4:4e:26,176,88000000,108000000
Node2-Bogota.csv,28,208337,1771932378287,1771950379209,d8:3a:dd:f4:4e:26,176,88000000,108000000
Node2-Bogota.csv,29,208345,1771932497995,1771950498826,d8:3a:dd:f4:4e:26,176,88000000,108000000
Node2-Bogota.csv,30,208352,1771932617804,1771950618495,d8:3a:dd:f4:4e:26,176,88000000,108000000
Node2-Bogota.csv,31,208365,1771932738210,1771950739083,d8:3a:dd:f4:4e:26,176,88000000,108000000
Node2-Bogota.csv,32,208373,1771932858210,1771950858942,d8:3a:dd:f4:4e:26,176,88000000,108000000
Node2-Bogota.csv,33,208382,1771932977607,1771950978246,d8:3a:dd:f4:4e:26,176,88000000,108000000
Node2-Bogota.csv,34,208392,1771933098079,1771951098916,d8:3a:dd:f4:4e:26,176,88000000,108000000
Node2-Bogota.csv,35,208400,1771933217656,1771951218424,d8:3a:dd:f4:4e:26,176,88000000,108000000
Node2-Bogota.csv,36,208410,1771933338277,1771951339133,d8:3a:dd:f4:4e:26,176,88000000,108000000
Node2-Bogota.csv,37,208417,1771933457957,1771951458815,d8:3a:dd:f4:4e:26,176,88000000,108000000
Node2-Bogota.csv,38,208426,1771933577801,1771951578627,d8:3a:dd:f4:4e:26,176,88000000,108000000
Node2-Bogota.csv,39,208438,1771933699112,1771951699698,d8:3a:dd:f4:4e:26,176,88000000,108000000
Node2-Bogota.csv,40,208447,1771933818502,1771951819276,d8:3a:dd:f4:4e:26,176,88000000,108000000
Node2-Bogota.csv,41,208455,1771933937974,1771951938878,d8:3a:dd:f4:4e:26,176,88000000,108000000
Node2-Bogota.csv,42,208463,1771934057591,1771952058203,d8:3a:dd:f4:4e:26,176,88000000,108000000
Node2-Bogota.csv,43,208474,1771934177999,1771952178621,d8:3a:dd:f4:4e:26,176,88000000,108000000
Node2-Bogota.csv,44,208484,1771934298334,1771952299238,d8:3a:dd:f4:4e:26,176,88000000,108000000
Node2-Bogota.csv,45,208491,1771934417931,1771952419037,d8:3a:dd:f4:4e:26,176,88000000,108000000
Node2-Bogota.csv,46,208500,1771934538014,1771952538890,d8:3a:dd:f4:4e:26,176,88000000,108000000
Node2-Bogota.csv,47,208508,1771934657847,1771952658633,d8:3a:dd:f4:4e:26,176,88000000,108000000
Node2-Bogota.csv,48,208520,1771934778637,1771952779235,d8:3a:dd:f4:4e:26,176,88000000,108000000
Node2-Bogota.csv,49,208527,1771934898234,1771952898986,d8:3a:dd:f4:4e:26,176,88000000,108000000
Node2-Bogota.csv,50,208536,1771935017913,1771953019063,d8:3a:dd:f4:4e:26,176,88000000,108000000
Node2-Bogota.csv,51,208545,1771935138216,1771953139189,d8:3a:dd:f4:4e:26,176,88000000,108000000
Node2-Bogota.csv,52,208554,1771935257892,1771953258980,d8:3a:dd:f4:4e:26,176,88000000,108000000
Node2-Bogota.csv,53,208563,1771935378168,1771953379028,d8:3a:dd:f4:4e:26,176,88000000,108000000
Node2-Bogota.csv,54,208571,1771935497808,1771953498632,d8:3a:dd:f4:4e:26,176,88000000,108000000
Node2-Bogota.csv,55,208582,1771935618287,1771953619242,d8:3a:dd:f4:4e:26,176,88000000,108000000
Node2-Bogota.csv,56,208590,1771935738038,1771953739013,d8:3a:dd:f4:4e:26,176,88000000,108000000
Node2-Bogota.csv,57,208601,1771935858533,1771953859324,d8:3a:dd:f4:4e:26,176,88000000,108000000
Node2-Bogota.csv,58,208608,1771935978367,1771953979342,d8:3a:dd:f4:4e:26,176,88000000,108000000
Node2-Bogota.csv,59,208617,1771936098320,1771954098909,d8:3a:dd:f4:4e:26,176,88000000,108000000
Node2-Bogota.csv,60,208625,1771936217701,1771954218477,d8:3a:dd:f4:4e:26,176,88000000,108000000
Node2-Bogota.csv,61,208637,1771936338448,1771954339609,d8:3a:dd:f4:4e:26,176,88000000,108000000
Node2-Bogota.csv,62,208646,1771936458869,1771954459566,d8:3a:dd:f4:4e:26,176,88000000,108000000
Node2-Bogota.csv,63,208654,1771936578299,1771954579200,d8:3a:dd:f4:4e:26,176,88000000,108000000
Node2-Bogota.csv,64,208662,1771936698097,1771954698871,d8:3a:dd:f4:4e:26,176,88000000,108000000
Node2-Bogota.csv,65,208670,1771936817624,1771954818426,d8:3a:dd:f4:4e:26,176,88000000,108000000
Node2-Bogota.csv,66,208682,1771936938728,1771954939708,d8:3a:dd:f4:4e:26,176,88000000,108000000
Node2-Bogota.csv,67,208690,1771937058552,1771955059429,d8:3a:dd:f4:4e:26,176,88000000,108000000
Node2-Bogota.csv,68,208698,1771937178123,1771955179176,d8:3a:dd:f4:4e:26,176,88000000,108000000
Node2-Bogota.csv,69,208706,1771937298369,1771955299453,d8:3a:dd:f4:4e:26,176,88000000,108000000
Node2-Bogota.csv,70,208718,1771937418531,1771955419399,d8:3a:dd:f4:4e:26,176,88000000,108000000
Node2-Bogota.csv,71,208725,1771937538078,1771955538781,d8:3a:dd:f4:4e:26,176,88000000,108000000
Node2-Bogota.csv,72,208736,1771937658547,1771955659216,d8:3a:dd:f4:4e:26,176,88000000,108000000
Node2-Bogota.csv,73,208743,1771937778307,1771955779253,d8:3a:dd:f4:4e:26,176,88000000,108000000
Node2-Bogota.csv,74,208753,1771937898355,1771955899300,d8:3a:dd:f4:4e:26,176,88000000,108000000
Node2-Bogota.csv,75,208761,1771938018636,1771956019276,d8:3a:dd:f4:4e:26,176,88000000,108000000
Node2-Bogota.csv,76,208770,1771938138314,1771956139108,d8:3a:dd:f4:4e:26,176,88000000,108000000
Node2-Bogota.csv,77,208778,1771938257840,1771956258933,d8:3a:dd:f4:4e:26,176,88000000,108000000
Node2-Bogota.csv,78,208787,1771938377667,1771956378293,d8:3a:dd:f4:4e:26,176,88000000,108000000
Node2-Bogota.csv,79,208803,1771938502976,1771956503808,d8:3a:dd:f4:4e:26,176,88000000,108000000
Node2-Bogota.csv,80,208805,1771938617624,1771956618514,d8:3a:dd:f4:4e:26,176,88000000,108000000
Node2-Bogota.csv,81,208817,1771938738466,1771956739512,d8:3a:dd:f4:4e:26,176,88000000,108000000
Node2-Bogota.csv,82,208826,1771938858866,1771956859639,d8:3a:dd:f4:4e:26,176,88000000,108000000
Node2-Bogota.csv,83,208833,1771938978381,1771956979120,d8:3a:dd:f4:4e:26,176,88000000,108000000
Node2-Bogota.csv,84,208841,1771939098053,1771957098768,d8:3a:dd:f4:4e:26,176,88000000,108000000
Node2-Bogota.csv,85,208851,1771939217777,1771957218617,d8:3a:dd:f4:4e:26,176,88000000,108000000
Node2-Bogota.csv,86,208861,1771939338343,1771957339167,d8:3a:dd:f4:4e:26,176,88000000,108000000
Node2-Bogota.csv,87,208868,1771939457941,1771957458748,d8:3a:dd:f4:4e:26,176,88000000,108000000
Node2-Bogota.csv,88,208879,1771939578769,1771957579708,d8:3a:dd:f4:4e:26,176,88000000,108000000
Node2-Bogota.csv,89,208888,1771939698674,1771957699542,d8:3a:dd:f4:4e:26,176,88000000,108000000
Node2-Bogota.csv,90,208897,1771939818585,1771957819404,d8:3a:dd:f4:4e:26,176,88000000,108000000
Node2-Bogota.csv,91,208907,1771939938126,1771957939333,d8:3a:dd:f4:4e:26,176,88000000,108000000
Node2-Bogota.csv,92,208915,1771940058072,1771958059014,d8:3a:dd:f4:4e:26,176,88000000,108000000
Node2-Bogota.csv,93,208923,1771940177719,1771958178539,d8:3a:dd:f4:4e:26,176,88000000,108000000
Node2-Bogota.csv,94,208933,1771940298194,1771958299043,d8:3a:dd:f4:4e:26,176,88000000,108000000
Node2-Bogota.csv,95,208942,1771940418017,1771958418900,d8:3a:dd:f4:4e:26,176,88000000,108000000
Node2-Bogota.csv,96,208950,1771940537990,1771958538816,d8:3a:dd:f4:4e:26,176,88000000,108000000
Node2-Bogota.csv,97,208959,1771940657956,1771958658943,d8:3a:dd:f4:4e:26,176,88000000,108000000
Node2-Bogota.csv,98,208970,1771940778060,1771958779132,d8:3a:dd:f4:4e:26,176,88000000,108000000
Node2-Bogota.csv,99,208978,1771940898252,1771958899557,d8:3a:dd:f4:4e:26,176,88000000,108000000
Node2-Bogota.csv,100,208987,1771941018332,1771959019425,d8:3a:dd:f4:4e:26,176,88000000,108000000
Node2-Bogota.csv,101,208997,1771941138093,1771959139171,d8:3a:dd:f4:4e:26,176,88000000,108000000
Node2-Bogota.csv,102,209004,1771941258228,1771959258947,d8:3a:dd:f4:4e:26,176,88000000,108000000
Node2-Bogota.csv,103,209012,1771941377701,1771959378562,d8:3a:dd:f4:4e:26,176,88000000,108000000
Node2-Bogota.csv,104,209024,1771941498628,1771959499731,d8:3a:dd:f4:4e:26,176,88000000,108000000
Node3-Bogota.csv,0,208062,1771929018055,1771947018987,d8:3a:dd:f7:22:87,176,88000000,108000000
Node3-Bogota.csv,1,208069,1771929137506,1771947138284,d8:3a:dd:f7:22:87,176,88000000,108000000
Node3-Bogota.csv,2,208080,1771929257983,1771947258876,d8:3a:dd:f7:22:87,176,88000000,108000000
Node3-Bogota.csv,3,208089,1771929377441,1771947378278,d8:3a:dd:f7:22:87,176,88000000,108000000
Node3-Bogota.csv,4,208100,1771929497890,1771947498810,d8:3a:dd:f7:22:87,176,88000000,108000000
Node3-Bogota.csv,5,208112,1771929618666,1771947619588,d8:3a:dd:f7:22:87,176,88000000,108000000
Node3-Bogota.csv,6,208122,1771929738658,1771947739474,d8:3a:dd:f7:22:87,176,88000000,108000000
Node3-Bogota.csv,7,208131,1771929858065,1771947859251,d8:3a:dd:f7:22:87,176,88000000,108000000
Node3-Bogota.csv,8,208139,1771929977810,1771947978699,d8:3a:dd:f7:22:87,176,88000000,108000000
Node3-Bogota.csv,9,208153,1771930098632,1771948099600,d8:3a:dd:f7:22:87,176,88000000,108000000
Node3-Bogota.csv,10,208161,1771930218138,1771948219131,d8:3a:dd:f7:22:87,176,88000000,108000000
Node3-Bogota.csv,11,208169,1771930337712,1771948338542,d8:3a:dd:f7:22:87,176,88000000,108000000
Node3-Bogota.csv,12,208182,1771930458116,1771948459359,d8:3a:dd:f7:22:87,176,88000000,108000000
Node3-Bogota.csv,13,208193,1771930578420,1771948580008,d8:3a:dd:f7:22:87,176,88000000,108000000
Node3-Bogota.csv,14,208201,1771930697674,1771948698619,d8:3a:dd:f7:22:87,176,88000000,108000000
Node3-Bogota.csv,15,208213,1771930818250,1771948819104,d8:3a:dd:f7:22:87,176,88000000,108000000
Node3-Bogota.csv,16,208220,1771930937747,1771948938754,d8:3a:dd:f7:22:87,176,88000000,108000000
Node3-Bogota.csv,17,208232,1771931058322,1771949059429,d8:3a:dd:f7:22:87,176,88000000,108000000
Node3-Bogota.csv,18,208242,1771931178608,1771949179401,d8:3a:dd:f7:22:87,176,88000000,108000000
Node3-Bogota.csv,19,208250,1771931298041,1771949299203,d8:3a:dd:f7:22:87,176,88000000,108000000
Node3-Bogota.csv,20,208259,1771931417914,1771949418918,d8:3a:dd:f7:22:87,176,88000000,108000000
Node3-Bogota.csv,21,208269,1771931537534,1771949538439,d8:3a:dd:f7:22:87,176,88000000,108000000
Node3-Bogota.csv,22,208281,1771931658380,1771949659140,d8:3a:dd:f7:22:87,176,88000000,108000000
Node3-Bogota.csv,23,208289,1771931777720,1771949778511,d8:3a:dd:f7:22:87,176,88000000,108000000
Node3-Bogota.csv,24,208301,1771931898122,1771949899016,d8:3a:dd:f7:22:87,176,88000000,108000000
Node3-Bogota.csv,25,208308,1771932017626,1771950018590,d8:3a:dd:f7:22:87,176,88000000,108000000
Node3-Bogota.csv,26,208319,1771932138691,1771950139429,d8:3a:dd:f7:22:87,176,88000000,108000000
Node3-Bogota.csv,27,208328,1771932258655,1771950259526,d8:3a:dd:f7:22:87,176,88000000,108000000
Node3-Bogota.csv,28,208336,1771932378078,1771950379096,d8:3a:dd:f7:22:87,176,88000000,108000000
Node3-Bogota.csv,29,208343,1771932497661,1771950498418,d8:3a:dd:f7:22:87,176,88000000,108000000
Node3-Bogota.csv,30,208354,1771932618086,1771950618981,d8:3a:dd:f7:22:87,176,88000000,108000000
Node3-Bogota.csv,31,208362,1771932737530,1771950738304,d8:3a:dd:f7:22:87,176,88000000,108000000
Node3-Bogota.csv,32,208372,1771932857845,1771950858597,d8:3a:dd:f7:22:87,176,88000000,108000000
Node3-Bogota.csv,33,208384,1771932978190,1771950979064,d8:3a:dd:f7:22:87,176,88000000,108000000
Node3-Bogota.csv,34,208391,1771933097612,1771951098358,d8:3a:dd:f7:22:87,176,88000000,108000000
Node3-Bogota.csv,35,208402,1771933218218,1771951219050,d8:3a:dd:f7:22:87,176,88000000,108000000
Node3-Bogota.csv,36,208409,1771933337597,1771951338557,d8:3a:dd:f7:22:87,176,88000000,108000000
Node3-Bogota.csv,37,208419,1771933458323,1771951459215,d8:3a:dd:f7:22:87,176,88000000,108000000
Node3-Bogota.csv,38,208429,1771933578038,1771951579081,d8:3a:dd:f7:22:87,176,88000000,108000000
Node3-Bogota.csv,39,208436,1771933697792,1771951698667,d8:3a:dd:f7:22:87,176,88000000,108000000
Node3-Bogota.csv,40,208446,1771933818259,1771951819119,d8:3a:dd:f7:22:87,176,88000000,108000000
Node3-Bogota.csv,41,208454,1771933937838,1771951938802,d8:3a:dd:f7:22:87,176,88000000,108000000
Node3-Bogota.csv,42,208466,1771934058399,1771952059073,d8:3a:dd:f7:22:87,176,88000000,108000000
Node3-Bogota.csv,43,208473,1771934177641,1771952178406,d8:3a:dd:f7:22:87,176,88000000,108000000
Node3-Bogota.csv,44,208483,1771934297956,1771952299034,d8:3a:dd:f7:22:87,176,88000000,108000000
Node3-Bogota.csv,45,208490,1771934417679,1771952418507,d8:3a:dd:f7:22:87,176,88000000,108000000
Node3-Bogota.csv,46,208502,1771934538519,1771952539305,d8:3a:dd:f7:22:87,176,88000000,108000000
Node3-Bogota.csv,47,208510,1771934658285,1771952659116,d8:3a:dd:f7:22:87,176,88000000,108000000
Node3-Bogota.csv,48,208518,1771934777761,1771952778576,d8:3a:dd:f7:22:87,176,88000000,108000000
Node3-Bogota.csv,49,208529,1771934898175,1771952899291,d8:3a:dd:f7:22:87,176,88000000,108000000
Node3-Bogota.csv,50,208537,1771935017892,1771953019072,d8:3a:dd:f7:22:87,176,88000000,108000000
Node3-Bogota.csv,51,208544,1771935138058,1771953139077,d8:3a:dd:f7:22:87,176,88000000,108000000
Node3-Bogota.csv,52,208553,1771935257665,1771953258434,d8:3a:dd:f7:22:87,176,88000000,108000000
Node3-Bogota.csv,53,208564,1771935378187,1771953379143,d8:3a:dd:f7:22:87,176,88000000,108000000
Node3-Bogota.csv,54,208572,1771935497809,1771953498707,d8:3a:dd:f7:22:87,176,88000000,108000000
Node3-Bogota.csv,55,208583,1771935618782,1771953619459,d8:3a:dd:f7:22:87,176,88000000,108000000
Node3-Bogota.csv,56,208591,1771935738043,1771953739112,d8:3a:dd:f7:22:87,176,88000000,108000000
Node3-Bogota.csv,57,208599,1771935857803,1771953858783,d8:3a:dd:f7:22:87,176,88000000,108000000
Node3-Bogota.csv,58,208610,1771935978531,1771953979492,d8:3a:dd:f7:22:87,176,88000000,108000000
Node3-Bogota.csv,59,208618,1771936098724,1771954099429,d8:3a:dd:f7:22:87,176,88000000,108000000
Node3-Bogota.csv,60,208626,1771936218115,1771954218980,d8:3a:dd:f7:22:87,176,88000000,108000000
Node3-Bogota.csv,61,208634,1771936337689,1771954338726,d8:3a:dd:f7:22:87,176,88000000,108000000
Node3-Bogota.csv,62,208645,1771936458487,1771954459305,d8:3a:dd:f7:22:87,176,88000000,108000000
Node3-Bogota.csv,63,208653,1771936577961,1771954578911,d8:3a:dd:f7:22:87,176,88000000,108000000
Node3-Bogota.csv,64,208661,1771936697715,1771954698364,d8:3a:dd:f7:22:87,176,88000000,108000000
Node3-Bogota.csv,65,208672,1771936817991,1771954819081,d8:3a:dd:f7:22:87,176,88000000,108000000
Node3-Bogota.csv,66,208680,1771936937878,1771954938899,d8:3a:dd:f7:22:87,176,88000000,108000000
Node3-Bogota.csv,67,208688,1771937057545,1771955058312,d8:3a:dd:f7:22:87,176,88000000,108000000
Node3-Bogota.csv,68,208700,1771937178184,1771955179472,d8:3a:dd:f7:22:87,176,88000000,108000000
Node3-Bogota.csv,69,208707,1771937298421,1771955299919,d8:3a:dd:f7:22:87,176,88000000,108000000
Node3-Bogota.csv,70,208715,1771937417635,1771955418575,d8:3a:dd:f7:22:87,176,88000000,108000000
Node3-Bogota.csv,71,208726,1771937538174,1771955539126,d8:3a:dd:f7:22:87,176,88000000,108000000
Node3-Bogota.csv,72,208735,1771937658304,1771955659074,d8:3a:dd:f7:22:87,176,88000000,108000000
Node3-Bogota.csv,73,208742,1771937777977,1771955778849,d8:3a:dd:f7:22:87,176,88000000,108000000
Node3-Bogota.csv,74,208751,1771937897924,1771955898816,d8:3a:dd:f7:22:87,176,88000000,108000000
Node3-Bogota.csv,75,208759,1771938017419,1771956018292,d8:3a:dd:f7:22:87,176,88000000,108000000
Node3-Bogota.csv,76,208769,1771938137993,1771956138804,d8:3a:dd:f7:22:87,176,88000000,108000000
Node3-Bogota.csv,77,208779,1771938257488,1771956258962,d8:3a:dd:f7:22:87,176,88000000,108000000
Node3-Bogota.csv,78,208788,1771938378012,1771956378699,d8:3a:dd:f7:22:87,176,88000000,108000000
Node3-Bogota.csv,79,208798,1771938498652,1771956499826,d8:3a:dd:f7:22:87,176,88000000,108000000
Node3-Bogota.csv,80,208806,1771938617503,1771956618544,d8:3a:dd:f7:22:87,176,88000000,108000000
Node3-Bogota.csv,81,208815,1771938738148,1771956739300,d8:3a:dd:f7:22:87,176,88000000,108000000
Node3-Bogota.csv,82,208823,1771938858333,1771956859125,d8:3a:dd:f7:22:87,176,88000000,108000000
Node3-Bogota.csv,83,208832,1771938977757,1771956978671,d8:3a:dd:f7:22:87,176,88000000,108000000
Node3-Bogota.csv,84,208843,1771939098417,1771957099323,d8:3a:dd:f7:22:87,176,88000000,108000000
Node3-Bogota.csv,85,208852,1771939217967,1771957219044,d8:3a:dd:f7:22:87,176,88000000,108000000
Node3-Bogota.csv,86,208859,1771939337868,1771957338531,d8:3a:dd:f7:22:87,176,88000000,108000000
Node3-Bogota.csv,87,208870,1771939458741,1771957459552,d8:3a:dd:f7:22:87,176,88000000,108000000
Node3-Bogota.csv,88,208878,1771939578724,1771957579689,d8:3a:dd:f7:22:87,176,88000000,108000000
Node3-Bogota.csv,89,208889,1771939698579,1771957699626,d8:3a:dd:f7:22:87,176,88000000,108000000
Node3-Bogota.csv,90,208896,1771939818310,1771957819257,d8:3a:dd:f7:22:87,176,88000000,108000000
Node3-Bogota.csv,91,208905,1771939937929,1771957939115,d8:3a:dd:f7:22:87,176,88000000,108000000
Node3-Bogota.csv,92,208914,1771940057777,1771958058763,d8:3a:dd:f7:22:87,176,88000000,108000000
Node3-Bogota.csv,93,208925,1771940178339,1771958179336,d8:3a:dd:f7:22:87,176,88000000,108000000
Node3-Bogota.csv,94,208934,1771940298418,1771958299354,d8:3a:dd:f7:22:87,176,88000000,108000000
Node3-Bogota.csv,95,208941,1771940417981,1771958418856,d8:3a:dd:f7:22:87,176,88000000,108000000
Node3-Bogota.csv,96,208949,1771940537610,1771958538345,d8:3a:dd:f7:22:87,176,88000000,108000000
Node3-Bogota.csv,97,208960,1771940658026,1771958659191,d8:3a:dd:f7:22:87,176,88000000,108000000
Node3-Bogota.csv,98,208968,1771940777931,1771958779015,d8:3a:dd:f7:22:87,176,88000000,108000000
Node3-Bogota.csv,99,208977,1771940898102,1771958899470,d8:3a:dd:f7:22:87,176,88000000,108000000
Node3-Bogota.csv,100,208986,1771941018077,1771959019054,d8:3a:dd:f7:22:87,176,88000000,108000000
Node3-Bogota.csv,101,208995,1771941137721,1771959138678,d8:3a:dd:f7:22:87,176,88000000,108000000
Node3-Bogota.csv,102,209006,1771941258711,1771959259617,d8:3a:dd:f7:22:87,176,88000000,108000000
Node3-Bogota.csv,103,209014,1771941378727,1771959379545,d8:3a:dd:f7:22:87,176,88000000,108000000
Node3-Bogota.csv,104,209022,1771941498324,1771959499443,d8:3a:dd:f7:22:87,176,88000000,108000000
Node4-Bogota.csv,0,208065,1771929020049,1771947020848,d8:3a:dd:f6:fc:be,176,88000000,108000000
Node4-Bogota.csv,1,208077,1771929140173,1771947140852,d8:3a:dd:f6:fc:be,176,88000000,108000000
Node4-Bogota.csv,2,208083,1771929259774,1771947260379,d8:3a:dd:f6:fc:be,176,88000000,108000000
Node4-Bogota.csv,3,208094,1771929380344,1771947381028,d8:3a:dd:f6:fc:be,176,88000000,108000000
Node4-Bogota.csv,4,208104,1771929499714,1771947500435,d8:3a:dd:f6:fc:be,176,88000000,108000000
Node4-Bogota.csv,5,208114,1771929620385,1771947620996,d8:3a:dd:f6:fc:be,176,88000000,108000000
Node4-Bogota.csv,6,208126,1771929739944,1771947740767,d8:3a:dd:f6:fc:be,176,88000000,108000000
Node4-Bogota.csv,7,208134,1771929859549,1771947860161,d8:3a:dd:f6:fc:be,176,88000000,108000000
Node4-Bogota.csv,8,208144,1771929979964,1771947980515,d8:3a:dd:f6:fc:be,176,88000000,108000000
Node4-Bogota.csv,9,208156,1771930100229,1771948100919,d8:3a:dd:f6:fc:be,176,88000000,108000000
Node4-Bogota.csv,10,208164,1771930220038,1771948220655,d8:3a:dd:f6:fc:be,176,88000000,108000000
Node4-Bogota.csv,11,208177,1771930340443,1771948346258,d8:3a:dd:f6:fc:be,176,88000000,108000000
Node4-Bogota.csv,12,208186,1771930460381,1771948461213,d8:3a:dd:f6:fc:be,176,88000000,108000000
Node4-Bogota.csv,13,208195,1771930580038,1771948580723,d8:3a:dd:f6:fc:be,176,88000000,108000000
Node4-Bogota.csv,14,208206,1771930701036,1771948701632,d8:3a:dd:f6:fc:be,176,88000000,108000000
Node4-Bogota.csv,15,208217,1771930820561,1771948821248,d8:3a:dd:f6:fc:be,176,88000000,108000000
Node4-Bogota.csv,16,208227,1771930940572,1771948941126,d8:3a:dd:f6:fc:be,176,88000000,108000000
Node4-Bogota.csv,17,208234,1771931059836,1771949060535,d8:3a:dd:f6:fc:be,176,88000000,108000000
Node4-Bogota.csv,18,208246,1771931180588,1771949181213,d8:3a:dd:f6:fc:be,176,88000000,108000000
Node4-Bogota.csv,19,208253,1771931299890,1771949300456,d8:3a:dd:f6:fc:be,176,88000000,108000000
Node4-Bogota.csv,20,208265,1771931420645,1771949421263,d8:3a:dd:f6:fc:be,176,88000000,108000000
Node4-Bogota.csv,21,208275,1771931539969,1771949540724,d8:3a:dd:f6:fc:be,176,88000000,108000000
Node4-Bogota.csv,22,208285,1771931660409,1771949661118,d8:3a:dd:f6:fc:be,176,88000000,108000000
Node4-Bogota.csv,23,208296,1771931780629,1771949781234,d8:3a:dd:f6:fc:be,176,88000000,108000000
Node4-Bogota.csv,24,208305,1771931900535,1771949901251,d8:3a:dd:f6:fc:be,176,88000000,108000000
Node4-Bogota.csv,25,208313,1771932020205,1771950020819,d8:3a:dd:f6:fc:be,176,88000000,108000000
Node4-Bogota.csv,26,208320,1771932139374,1771950139950,d8:3a:dd:f6:fc:be,176,88000000,108000000
Node4-Bogota.csv,27,208329,1771932259678,1771950260230,d8:3a:dd:f6:fc:be,176,88000000,108000000
Node4-Bogota.csv,28,208340,1771932379993,1771950380674,d8:3a:dd:f6:fc:be,176,88000000,108000000
Node4-Bogota.csv,29,208349,1771932500312,1771950500976,d8:3a:dd:f6:fc:be,176,88000000,108000000
Node4-Bogota.csv,30,208357,1771932619912,1771950620634,d8:3a:dd:f6:fc:be,176,88000000,108000000
Node4-Bogota.csv,31,208366,1771932739563,1771950740217,d8:3a:dd:f6:fc:be,176,88000000,108000000
Node4-Bogota.csv,32,208377,1771932860223,1771950860975,d8:3a:dd:f6:fc:be,176,88000000,108000000
Node4-Bogota.csv,33,208388,1771932980073,1771950980701,d8:3a:dd:f6:fc:be,176,88000000,108000000
Node4-Bogota.csv,34,208398,1771933100493,1771951101209,d8:3a:dd:f6:fc:be,176,88000000,108000000
Node4-Bogota.csv,35,208403,1771933219810,1771951220383,d8:3a:dd:f6:fc:be,176,88000000,108000000
Node4-Bogota.csv,36,208413,1771933340258,1771951340930,d8:3a:dd:f6:fc:be,176,88000000,108000000
Node4-Bogota.csv,37,208421,1771933459729,1771951460481,d8:3a:dd:f6:fc:be,176,88000000,108000000
Node4-Bogota.csv,38,208432,1771933580734,1771951581738,d8:3a:dd:f6:fc:be,176,88000000,108000000
Node4-Bogota.csv,39,208440,1771933699692,1771951700510,d8:3a:dd:f6:fc:be,176,88000000,108000000
Node4-Bogota.csv,40,208449,1771933820450,1771951821094,d8:3a:dd:f6:fc:be,176,88000000,108000000
Node4-Bogota.csv,41,208459,1771933940023,1771951940672,d8:3a:dd:f6:fc:be,176,88000000,108000000
Node4-Bogota.csv,42,208470,1771934060514,1771952061195,d8:3a:dd:f6:fc:be,176,88000000,108000000
Node4-Bogota.csv,43,208478,1771934180034,1771952180978,d8:3a:dd:f6:fc:be,176,88000000,108000000
Node4-Bogota.csv,44,208488,1771934300261,1771952301112,d8:3a:dd:f6:fc:be,176,88000000,108000000
Node4-Bogota.csv,45,208496,1771934420143,1771952420717,d8:3a:dd:f6:fc:be,176,88000000,108000000
Node4-Bogota.csv,46,208505,1771934540646,1771952541252,d8:3a:dd:f6:fc:be,176,88000000,108000000
Node4-Bogota.csv,47,208514,1771934660552,1771952661137,d8:3a:dd:f6:fc:be,176,88000000,108000000
Node4-Bogota.csv,48,208521,1771934780116,1771952780745,d8:3a:dd:f6:fc:be,176,88000000,108000000
Node4-Bogota.csv,49,208530,1771934899435,1771952900227,d8:3a:dd:f6:fc:be,176,88000000,108000000
Node4-Bogota.csv,50,208541,1771935019903,1771953020815,d8:3a:dd:f6:fc:be,176,88000000,108000000
Node4-Bogota.csv,51,208548,1771935140136,1771953140889,d8:3a:dd:f6:fc:be,176,88000000,108000000
Node4-Bogota.csv,52,208558,1771935259788,1771953260400,d8:3a:dd:f6:fc:be,176,88000000,108000000
Node4-Bogota.csv,53,208567,1771935380189,1771953380882,d8:3a:dd:f6:fc:be,176,88000000,108000000
Node4-Bogota.csv,54,208575,1771935499607,1771953500334,d8:3a:dd:f6:fc:be,176,88000000,108000000
Node4-Bogota.csv,55,208585,1771935620221,1771953620836,d8:3a:dd:f6:fc:be,176,88000000,108000000
Node4-Bogota.csv,56,208592,1771935739730,1771953740509,d8:3a:dd:f6:fc:be,176,88000000,108000000
Node4-Bogota.csv,57,208602,1771935860218,1771953860816,d8:3a:dd:f6:fc:be,176,88000000,108000000
Node4-Bogota.csv,58,208612,1771935979555,1771953980278,d8:3a:dd:f6:fc:be,176,88000000,108000000
Node4-Bogota.csv,59,208621,1771936100428,1771954102161,d8:3a:dd:f6:fc:be,176,88000000,108000000
Node4-Bogota.csv,60,208630,1771936220168,1771954220974,d8:3a:dd:f6:fc:be,176,88000000,108000000
Node4-Bogota.csv,61,208638,1771936339915,1771954340732,d8:3a:dd:f6:fc:be,176,88000000,108000000
Node4-Bogota.csv,62,208647,1771936459471,1771954460179,d8:3a:dd:f6:fc:be,176,88000000,108000000
Node4-Bogota.csv,63,208656,1771936579931,1771954580663,d8:3a:dd:f6:fc:be,176,88000000,108000000
Node4-Bogota.csv,64,208668,1771936700634,1771954701284,d8:3a:dd:f6:fc:be,176,88000000,108000000
Node4-Bogota.csv,65,208676,1771936819976,1771954820686,d8:3a:dd:f6:fc:be,176,88000000,108000000
Node4-Bogota.csv,66,208686,1771936941073,1771954941830,d8:3a:dd:f6:fc:be,176,88000000,108000000
Node4-Bogota.csv,67,208693,1771937059697,1771955060578,d8:3a:dd:f6:fc:be,176,88000000,108000000
Node4-Bogota.csv,68,208703,1771937180318,1771955181007,d8:3a:dd:f6:fc:be,176,88000000,108000000
Node4-Bogota.csv,69,208711,1771937299764,1771955300488,d8:3a:dd:f6:fc:be,176,88000000,108000000
Node4-Bogota.csv,70,208722,1771937420261,1771955421096,d8:3a:dd:f6:fc:be,176,88000000,108000000
Node4-Bogota.csv,71,208730,1771937540529,1771955541267,d8:3a:dd:f6:fc:be,176,88000000,108000000
Node4-Bogota.csv,72,208739,1771937660389,1771955661018,d8:3a:dd:f6:fc:be,176,88000000,108000000
Node4-Bogota.csv,73,208747,1771937780063,1771955780699,d8:3a:dd:f6:fc:be,176,88000000,108000000
Node4-Bogota.csv,74,208767,1771937899685,1771956050319,d8:3a:dd:f6:fc:be,176,88000000,108000000
Node4-Bogota.csv,75,208762,1771938019551,1771956020303,d8:3a:dd:f6:fc:be,176,88000000,108000000
Node4-Bogota.csv,76,208773,1771938140206,1771956140822,d8:3a:dd:f6:fc:be,176,88000000,108000000
Node4-Bogota.csv,77,208782,1771938259729,1771956260426,d8:3a:dd:f6:fc:be,176,88000000,108000000
Node4-Bogota.csv,78,208793,1771938380561,1771956381384,d8:3a:dd:f6:fc:be,176,88000000,108000000
Node4-Bogota.csv,79,208801,1771938500143,1771956500915,d8:3a:dd:f6:fc:be,176,88000000,108000000
Node4-Bogota.csv,80,208809,1771938619913,1771956620503,d8:3a:dd:f6:fc:be,176,88000000,108000000
Node4-Bogota.csv,81,208821,1771938740615,1771956741297,d8:3a:dd:f6:fc:be,176,88000000,108000000
Node4-Bogota.csv,82,208829,1771938860265,1771956860967,d8:3a:dd:f6:fc:be,176,88000000,108000000
Node4-Bogota.csv,83,208836,1771938979558,1771956980148,d8:3a:dd:f6:fc:be,176,88000000,108000000
Node4-Bogota.csv,84,208847,1771939100094,1771957100834,d8:3a:dd:f6:fc:be,176,88000000,108000000
Node4-Bogota.csv,85,208853,1771939219591,1771957220338,d8:3a:dd:f6:fc:be,176,88000000,108000000
Node4-Bogota.csv,86,208863,1771939340095,1771957340813,d8:3a:dd:f6:fc:be,176,88000000,108000000
Node4-Bogota.csv,87,208873,1771939459752,1771957460528,d8:3a:dd:f6:fc:be,176,88000000,108000000
Node4-Bogota.csv,88,208883,1771939580551,1771957581329,d8:3a:dd:f6:fc:be,176,88000000,108000000
Node4-Bogota.csv,89,208891,1771939700071,1771957700702,d8:3a:dd:f6:fc:be,176,88000000,108000000
Node4-Bogota.csv,90,208901,1771939820410,1771957822181,d8:3a:dd:f6:fc:be,176,88000000,108000000
Node4-Bogota.csv,91,208910,1771939940320,1771957940996,d8:3a:dd:f6:fc:be,176,88000000,108000000
Node4-Bogota.csv,92,208916,1771940059789,1771958060563,d8:3a:dd:f6:fc:be,176,88000000,108000000
Node4-Bogota.csv,93,208928,1771940180348,1771958181208,d8:3a:dd:f6:fc:be,176,88000000,108000000
Node4-Bogota.csv,94,208936,1771940300169,1771958300937,d8:3a:dd:f6:fc:be,176,88000000,108000000
Node4-Bogota.csv,95,208944,1771940419646,1771958420388,d8:3a:dd:f6:fc:be,176,88000000,108000000
Node4-Bogota.csv,96,208953,1771940540221,1771958540801,d8:3a:dd:f6:fc:be,176,88000000,108000000
Node4-Bogota.csv,97,208962,1771940659620,1771958660297,d8:3a:dd:f6:fc:be,176,88000000,108000000
Node4-Bogota.csv,98,208971,1771940779833,1771958780521,d8:3a:dd:f6:fc:be,176,88000000,108000000
Node4-Bogota.csv,99,208983,1771940900730,1771958901561,d8:3a:dd:f6:fc:be,176,88000000,108000000
Node4-Bogota.csv,100,208989,1771941020249,1771959020904,d8:3a:dd:f6:fc:be,176,88000000,108000000
Node4-Bogota.csv,101,208999,1771941139805,1771959140576,d8:3a:dd:f6:fc:be,176,88000000,108000000
Node4-Bogota.csv,102,209009,1771941260790,1771959261432,d8:3a:dd:f6:fc:be,176,88000000,108000000
Node4-Bogota.csv,103,209018,1771941380232,1771959381008,d8:3a:dd:f6:fc:be,176,88000000,108000000
Node4-Bogota.csv,104,209028,1771941501138,1771959501767,d8:3a:dd:f6:fc:be,176,88000000,108000000
Node5-Bogota.csv,0,208067,1771929019374,1771947025087,d8:3a:dd:f7:21:52,176,88000000,108000000
Node5-Bogota.csv,1,208074,1771929139557,1771947140187,d8:3a:dd:f7:21:52,176,88000000,108000000
Node5-Bogota.csv,2,208084,1771929259947,1771947260704,d8:3a:dd:f7:21:52,176,88000000,108000000
Node5-Bogota.csv,3,208095,1771929380329,1771947381047,d8:3a:dd:f7:21:52,176,88000000,108000000
Node5-Bogota.csv,4,208106,1771929499695,1771947500561,d8:3a:dd:f7:21:52,176,88000000,108000000
Node5-Bogota.csv,5,208115,1771929620315,1771947621013,d8:3a:dd:f7:21:52,176,88000000,108000000
Node5-Bogota.csv,6,208124,1771929739478,1771947740140,d8:3a:dd:f7:21:52,176,88000000,108000000
Node5-Bogota.csv,7,208135,1771929859827,1771947860562,d8:3a:dd:f7:21:52,176,88000000,108000000
Node5-Bogota.csv,8,208145,1771929980138,1771947980853,d8:3a:dd:f7:21:52,176,88000000,108000000
Node5-Bogota.csv,9,208155,1771930100028,1771948100792,d8:3a:dd:f7:21:52,176,88000000,108000000
Node5-Bogota.csv,10,208163,1771930219777,1771948220448,d8:3a:dd:f7:21:52,176,88000000,108000000
Node5-Bogota.csv,11,208175,1771930340005,1771948340745,d8:3a:dd:f7:21:52,176,88000000,108000000
Node5-Bogota.csv,12,208187,1771930460830,1771948461526,d8:3a:dd:f7:21:52,176,88000000,108000000
Node5-Bogota.csv,13,208197,1771930580414,1771948581241,d8:3a:dd:f7:21:52,176,88000000,108000000
Node5-Bogota.csv,14,208204,1771930699736,1771948700411,d8:3a:dd:f7:21:52,176,88000000,108000000
Node5-Bogota.csv,15,208215,1771930820360,1771948821123,d8:3a:dd:f7:21:52,176,88000000,108000000
Node5-Bogota.csv,16,208224,1771930940124,1771948940888,d8:3a:dd:f7:21:52,176,88000000,108000000
Node5-Bogota.csv,17,208237,1771931059969,1771949060839,d8:3a:dd:f7:21:52,176,88000000,108000000
Node5-Bogota.csv,18,208244,1771931179671,1771949180397,d8:3a:dd:f7:21:52,176,88000000,108000000
Node5-Bogota.csv,19,208254,1771931300172,1771949301077,d8:3a:dd:f7:21:52,176,88000000,108000000
Node5-Bogota.csv,20,208262,1771931419757,1771949420397,d8:3a:dd:f7:21:52,176,88000000,108000000
Node5-Bogota.csv,21,208276,1771931540289,1771949540879,d8:3a:dd:f7:21:52,176,88000000,108000000
Node5-Bogota.csv,22,208283,1771931659933,1771949660507,d8:3a:dd:f7:21:52,176,88000000,108000000
Node5-Bogota.csv,23,208293,1771931779964,1771949780693,d8:3a:dd:f7:21:52,176,88000000,108000000
Node5-Bogota.csv,24,208304,1771931900156,1771949900896,d8:3a:dd:f7:21:52,176,88000000,108000000
Node5-Bogota.csv,25,208312,1771932019565,1771950020288,d8:3a:dd:f7:21:52,176,88000000,108000000
Node5-Bogota.csv,26,208323,1771932139871,1771950145620,d8:3a:dd:f7:21:52,176,88000000,108000000
Node5-Bogota.csv,27,208331,1771932260425,1771950260999,d8:3a:dd:f7:21:52,176,88000000,108000000
Node5-Bogota.csv,28,208338,1771932379693,1771950380298,d8:3a:dd:f7:21:52,176,88000000,108000000
Node5-Bogota.csv,29,208347,1771932499773,1771950500407,d8:3a:dd:f7:21:52,176,88000000,108000000
Node5-Bogota.csv,30,208358,1771932620204,1771950620818,d8:3a:dd:f7:21:52,176,88000000,108000000
Node5-Bogota.csv,31,208367,1771932739625,1771950740363,d8:3a:dd:f7:21:52,176,88000000,108000000
Node5-Bogota.csv,32,208376,1771932860222,1771950860849,d8:3a:dd:f7:21:52,176,88000000,108000000
Node5-Bogota.csv,33,208386,1771932979456,1771950980037,d8:3a:dd:f7:21:52,176,88000000,108000000
Node5-Bogota.csv,34,208395,1771933099831,1771951100520,d8:3a:dd:f7:21:52,176,88000000,108000000
Node5-Bogota.csv,35,208405,1771933220002,1771951220734,d8:3a:dd:f7:21:52,176,88000000,108000000
Node5-Bogota.csv,36,208414,1771933340315,1771951341061,d8:3a:dd:f7:21:52,176,88000000,108000000
Node5-Bogota.csv,37,208424,1771933459768,1771951465566,d8:3a:dd:f7:21:52,176,88000000,108000000
Node5-Bogota.csv,38,208431,1771933580365,1771951581086,d8:3a:dd:f7:21:52,176,88000000,108000000
Node5-Bogota.csv,39,208441,1771933699934,1771951700652,d8:3a:dd:f7:21:52,176,88000000,108000000
Node5-Bogota.csv,40,208450,1771933820477,1771951821168,d8:3a:dd:f7:21:52,176,88000000,108000000
Node5-Bogota.csv,41,208458,1771933939775,1771951940516,d8:3a:dd:f7:21:52,176,88000000,108000000
Node5-Bogota.csv,42,208469,1771934060083,1771952060860,d8:3a:dd:f7:21:52,176,88000000,108000000
Node5-Bogota.csv,43,208476,1771934179361,1771952180035,d8:3a:dd:f7:21:52,176,88000000,108000000
Node5-Bogota.csv,44,208486,1771934300116,1771952300836,d8:3a:dd:f7:21:52,176,88000000,108000000
Node5-Bogota.csv,45,208494,1771934419367,1771952420267,d8:3a:dd:f7:21:52,176,88000000,108000000
Node5-Bogota.csv,46,208506,1771934540129,1771952546044,d8:3a:dd:f7:21:52,176,88000000,108000000
Node5-Bogota.csv,47,208515,1771934660036,1771952665664,d8:3a:dd:f7:21:52,176,88000000,108000000
Node5-Bogota.csv,48,208524,1771934780341,1771952785997,d8:3a:dd:f7:21:52,176,88000000,108000000
Node5-Bogota.csv,49,208532,1771934900136,1771952900709,d8:3a:dd:f7:21:52,176,88000000,108000000
Node5-Bogota.csv,50,208539,1771935019364,1771953020103,d8:3a:dd:f7:21:52,176,88000000,108000000
Node5-Bogota.csv,51,208547,1771935139603,1771953140272,d8:3a:dd:f7:21:52,176,88000000,108000000
Node5-Bogota.csv,52,208559,1771935259820,1771953260702,d8:3a:dd:f7:21:52,176,88000000,108000000
Node5-Bogota.csv,53,208568,1771935380595,1771953381304,d8:3a:dd:f7:21:52,176,88000000,108000000
Node5-Bogota.csv,54,208578,1771935500261,1771953500893,d8:3a:dd:f7:21:52,176,88000000,108000000
Node5-Bogota.csv,55,208584,1771935619801,1771953620439,d8:3a:dd:f7:21:52,176,88000000,108000000
Node5-Bogota.csv,56,208595,1771935740083,1771953741036,d8:3a:dd:f7:21:52,176,88000000,108000000
Node5-Bogota.csv,57,208605,1771935859862,1771953861323,d8:3a:dd:f7:21:52,176,88000000,108000000
Node5-Bogota.csv,58,208614,1771935980069,1771953980750,d8:3a:dd:f7:21:52,176,88000000,108000000
Node5-Bogota.csv,59,208623,1771936100089,1771954105888,d8:3a:dd:f7:21:52,176,88000000,108000000
Node5-Bogota.csv,60,208632,1771936219557,1771954225479,d8:3a:dd:f7:21:52,176,88000000,108000000
Node5-Bogota.csv,61,208639,1771936340005,1771954340806,d8:3a:dd:f7:21:52,176,88000000,108000000
Node5-Bogota.csv,62,208648,1771936459376,1771954460211,d8:3a:dd:f7:21:52,176,88000000,108000000
Node5-Bogota.csv,63,208657,1771936580235,1771954580957,d8:3a:dd:f7:21:52,176,88000000,108000000
Node5-Bogota.csv,64,208665,1771936699588,1771954700235,d8:3a:dd:f7:21:52,176,88000000,108000000
Node5-Bogota.csv,65,208675,1771936819892,1771954820617,d8:3a:dd:f7:21:52,176,88000000,108000000
Node5-Bogota.csv,66,208685,1771936940506,1771954941244,d8:3a:dd:f7:21:52,176,88000000,108000000
Node5-Bogota.csv,67,208692,1771937059781,1771955060546,d8:3a:dd:f7:21:52,176,88000000,108000000
Node5-Bogota.csv,68,208702,1771937180252,1771955180988,d8:3a:dd:f7:21:52,176,88000000,108000000
Node5-Bogota.csv,69,208712,1771937299465,1771955300554,d8:3a:dd:f7:21:52,176,88000000,108000000
Node5-Bogota.csv,70,208719,1771937420071,1771955421005,d8:3a:dd:f7:21:52,176,88000000,108000000
Node5-Bogota.csv,71,208729,1771937540345,1771955541212,d8:3a:dd:f7:21:52,176,88000000,108000000
Node5-Bogota.csv,72,208740,1771937660279,1771955661316,d8:3a:dd:f7:21:52,176,88000000,108000000
Node5-Bogota.csv,73,208748,1771937780185,1771955780844,d8:3a:dd:f7:21:52,176,88000000,108000000
Node5-Bogota.csv,74,208755,1771937899556,1771955900364,d8:3a:dd:f7:21:52,176,88000000,108000000
Node5-Bogota.csv,75,208765,1771938020444,1771956021177,d8:3a:dd:f7:21:52,176,88000000,108000000
Node5-Bogota.csv,76,208774,1771938140280,1771956141040,d8:3a:dd:f7:21:52,176,88000000,108000000
Node5-Bogota.csv,77,208785,1771938259963,1771956260980,d8:3a:dd:f7:21:52,176,88000000,108000000
Node5-Bogota.csv,78,208792,1771938379602,1771956380404,d8:3a:dd:f7:21:52,176,88000000,108000000
Node5-Bogota.csv,79,208802,1771938500566,1771956501301,d8:3a:dd:f7:21:52,176,88000000,108000000
Node5-Bogota.csv,80,208811,1771938620219,1771956621072,d8:3a:dd:f7:21:52,176,88000000,108000000
Node5-Bogota.csv,81,208819,1771938739820,1771956740521,d8:3a:dd:f7:21:52,176,88000000,108000000
Node5-Bogota.csv,82,208830,1771938860691,1771956861449,d8:3a:dd:f7:21:52,176,88000000,108000000
Node5-Bogota.csv,83,208839,1771938980095,1771956980859,d8:3a:dd:f7:21:52,176,88000000,108000000
Node5-Bogota.csv,84,208845,1771939099690,1771957100593,d8:3a:dd:f7:21:52,176,88000000,108000000
Node5-Bogota.csv,85,208855,1771939220008,1771957220732,d8:3a:dd:f7:21:52,176,88000000,108000000
Node5-Bogota.csv,86,208865,1771939340517,1771957341178,d8:3a:dd:f7:21:52,176,88000000,108000000
Node5-Bogota.csv,87,208874,1771939460061,1771957460800,d8:3a:dd:f7:21:52,176,88000000,108000000
Node5-Bogota.csv,88,208881,1771939580023,1771957580763,d8:3a:dd:f7:21:52,176,88000000,108000000
Node5-Bogota.csv,89,208893,1771939700988,1771957706831,d8:3a:dd:f7:21:52,176,88000000,108000000
Node5-Bogota.csv,90,208899,1771939820348,1771957821141,d8:3a:dd:f7:21:52,176,88000000,108000000
Node5-Bogota.csv,91,208908,1771939939956,1771957940610,d8:3a:dd:f7:21:52,176,88000000,108000000
Node5-Bogota.csv,92,208919,1771940060587,1771958061378,d8:3a:dd:f7:21:52,176,88000000,108000000
Node5-Bogota.csv,93,208927,1771940180127,1771958180824,d8:3a:dd:f7:21:52,176,88000000,108000000
Node5-Bogota.csv,94,208935,1771940299981,1771958300630,d8:3a:dd:f7:21:52,176,88000000,108000000
Node5-Bogota.csv,95,208947,1771940420777,1771958421553,d8:3a:dd:f7:21:52,176,88000000,108000000
Node5-Bogota.csv,96,208956,1771940540124,1771958545897,d8:3a:dd:f7:21:52,176,88000000,108000000
Node5-Bogota.csv,97,208965,1771940659891,1771958660665,d8:3a:dd:f7:21:52,176,88000000,108000000
Node5-Bogota.csv,98,208972,1771940780773,1771958781368,d8:3a:dd:f7:21:52,176,88000000,108000000
Node5-Bogota.csv,99,208980,1771940899948,1771958900614,d8:3a:dd:f7:21:52,176,88000000,108000000
Node5-Bogota.csv,100,208992,1771941021020,1771959021740,d8:3a:dd:f7:21:52,176,88000000,108000000
Node5-Bogota.csv,101,209001,1771941140882,1771959141540,d8:3a:dd:f7:21:52,176,88000000,108000000
Node5-Bogota.csv,102,209010,1771941260570,1771959261526,d8:3a:dd:f7:21:52,176,88000000,108000000
Node5-Bogota.csv,103,209019,1771941380444,1771959381210,d8:3a:dd:f7:21:52,176,88000000,108000000
Node5-Bogota.csv,104,209026,1771941499933,1771959500712,d8:3a:dd:f7:21:52,176,88000000,108000000
Node6-Bogota.csv,0,208060,1771929017732,1771947018539,d8:3a:dd:f7:1a:cc,176,88000000,108000000
Node6-Bogota.csv,1,208072,1771929138114,1771947138980,d8:3a:dd:f7:1a:cc,176,88000000,108000000
Node6-Bogota.csv,2,208087,1771929257561,1771947263368,d8:3a:dd:f7:1a:cc,176,88000000,108000000
Node6-Bogota.csv,3,208097,1771929378053,1771947384121,d8:3a:dd:f7:1a:cc,176,88000000,108000000
Node6-Bogota.csv,4,208099,1771929497713,1771947498556,d8:3a:dd:f7:1a:cc,176,88000000,108000000
Node6-Bogota.csv,5,208109,1771929618141,1771947618947,d8:3a:dd:f7:1a:cc,176,88000000,108000000
Node6-Bogota.csv,6,208119,1771929737566,1771947738341,d8:3a:dd:f7:1a:cc,176,88000000,108000000
Node6-Bogota.csv,7,208129,1771929857905,1771947858681,d8:3a:dd:f7:1a:cc,176,88000000,108000000
Node6-Bogota.csv,8,208146,1771929978358,1771947984252,d8:3a:dd:f7:1a:cc,176,88000000,108000000
Node6-Bogota.csv,9,208152,1771930098490,1771948099291,d8:3a:dd:f7:1a:cc,176,88000000,108000000
Node6-Bogota.csv,10,208160,1771930217953,1771948218783,d8:3a:dd:f7:1a:cc,176,88000000,108000000
Node6-Bogota.csv,11,208172,1771930338521,1771948339353,d8:3a:dd:f7:1a:cc,176,88000000,108000000
Node6-Bogota.csv,12,208180,1771930457944,1771948458795,d8:3a:dd:f7:1a:cc,176,88000000,108000000
Node6-Bogota.csv,13,208189,1771930577456,1771948578871,d8:3a:dd:f7:1a:cc,176,88000000,108000000
Node6-Bogota.csv,14,208202,1771930697902,1771948698913,d8:3a:dd:f7:1a:cc,176,88000000,108000000
Node6-Bogota.csv,15,208211,1771930817748,1771948818503,d8:3a:dd:f7:1a:cc,176,88000000,108000000
Node6-Bogota.csv,16,208223,1771930938268,1771948939281,d8:3a:dd:f7:1a:cc,176,88000000,108000000
Node6-Bogota.csv,17,208231,1771931057966,1771949058981,d8:3a:dd:f7:1a:cc,176,88000000,108000000
Node6-Bogota.csv,18,208239,1771931177585,1771949178424,d8:3a:dd:f7:1a:cc,176,88000000,108000000
Node6-Bogota.csv,19,208252,1771931298201,1771949299302,d8:3a:dd:f7:1a:cc,176,88000000,108000000
Node6-Bogota.csv,20,208258,1771931417987,1771949418847,d8:3a:dd:f7:1a:cc,176,88000000,108000000
Node6-Bogota.csv,21,208277,1771931537412,1771949544745,d8:3a:dd:f7:1a:cc,176,88000000,108000000
Node6-Bogota.csv,22,208282,1771931658428,1771949659373,d8:3a:dd:f7:1a:cc,176,88000000,108000000
Node6-Bogota.csv,23,208291,1771931778060,1771949779083,d8:3a:dd:f7:1a:cc,176,88000000,108000000
Node6-Bogota.csv,24,208298,1771931897719,1771949898561,d8:3a:dd:f7:1a:cc,176,88000000,108000000
Node6-Bogota.csv,25,208309,1771932018227,1771950018845,d8:3a:dd:f7:1a:cc,176,88000000,108000000
Node6-Bogota.csv,26,208316,1771932137544,1771950138313,d8:3a:dd:f7:1a:cc,176,88000000,108000000
Node6-Bogota.csv,27,208326,1771932258097,1771950258965,d8:3a:dd:f7:1a:cc,176,88000000,108000000
Node6-Bogota.csv,28,208335,1771932377905,1771950379077,d8:3a:dd:f7:1a:cc,176,88000000,108000000
Node6-Bogota.csv,29,208344,1771932497768,1771950498557,d8:3a:dd:f7:1a:cc,176,88000000,108000000
Node6-Bogota.csv,30,208355,1771932618407,1771950619286,d8:3a:dd:f7:1a:cc,176,88000000,108000000
Node6-Bogota.csv,31,208363,1771932737908,1771950738663,d8:3a:dd:f7:1a:cc,176,88000000,108000000
Node6-Bogota.csv,32,208375,1771932858365,1771950859375,d8:3a:dd:f7:1a:cc,176,88000000,108000000
Node6-Bogota.csv,33,208383,1771932977972,1771950978700,d8:3a:dd:f7:1a:cc,176,88000000,108000000
Node6-Bogota.csv,34,208394,1771933098404,1771951099211,d8:3a:dd:f7:1a:cc,176,88000000,108000000
Node6-Bogota.csv,35,208407,1771933217855,1771951223639,d8:3a:dd:f7:1a:cc,176,88000000,108000000
Node6-Bogota.csv,36,208415,1771933338512,1771951344373,d8:3a:dd:f7:1a:cc,176,88000000,108000000
Node6-Bogota.csv,37,208420,1771933458292,1771951459278,d8:3a:dd:f7:1a:cc,176,88000000,108000000
Node6-Bogota.csv,38,208428,1771933577967,1771951578990,d8:3a:dd:f7:1a:cc,176,88000000,108000000
Node6-Bogota.csv,39,208443,1771933697683,1771951703632,d8:3a:dd:f7:1a:cc,176,88000000,108000000
Node6-Bogota.csv,40,208452,1771933818348,1771951824330,d8:3a:dd:f7:1a:cc,176,88000000,108000000
Node6-Bogota.csv,41,208456,1771933938004,1771951939110,d8:3a:dd:f7:1a:cc,176,88000000,108000000
Node6-Bogota.csv,42,208464,1771934057791,1771952058556,d8:3a:dd:f7:1a:cc,176,88000000,108000000
Node6-Bogota.csv,43,208475,1771934178256,1771952178997,d8:3a:dd:f7:1a:cc,176,88000000,108000000
Node6-Bogota.csv,44,208481,1771934297608,1771952298200,d8:3a:dd:f7:1a:cc,176,88000000,108000000
Node6-Bogota.csv,45,208492,1771934418153,1771952419073,d8:3a:dd:f7:1a:cc,176,88000000,108000000
Node6-Bogota.csv,46,208499,1771934537737,1771952538544,d8:3a:dd:f7:1a:cc,176,88000000,108000000
Node6-Bogota.csv,47,208511,1771934658564,1771952659329,d8:3a:dd:f7:1a:cc,176,88000000,108000000
Node6-Bogota.csv,48,208519,1771934777960,1771952778837,d8:3a:dd:f7:1a:cc,176,88000000,108000000
Node6-Bogota.csv,49,208526,1771934897531,1771952898184,d8:3a:dd:f7:1a:cc,176,88000000,108000000
Node6-Bogota.csv,50,208535,1771935017867,1771953018995,d8:3a:dd:f7:1a:cc,176,88000000,108000000
Node6-Bogota.csv,51,208551,1771935138380,1771953144364,d8:3a:dd:f7:1a:cc,176,88000000,108000000
Node6-Bogota.csv,52,208555,1771935258038,1771953259033,d8:3a:dd:f7:1a:cc,176,88000000,108000000
Node6-Bogota.csv,53,208562,1771935377689,1771953378500,d8:3a:dd:f7:1a:cc,176,88000000,108000000
Node6-Bogota.csv,54,208573,1771935498354,1771953499072,d8:3a:dd:f7:1a:cc,176,88000000,108000000
Node6-Bogota.csv,55,208580,1771935617824,1771953618651,d8:3a:dd:f7:1a:cc,176,88000000,108000000
Node6-Bogota.csv,56,208596,1771935738284,1771953744042,d8:3a:dd:f7:1a:cc,176,88000000,108000000
Node6-Bogota.csv,57,208598,1771935857725,1771953858487,d8:3a:dd:f7:1a:cc,176,88000000,108000000
Node6-Bogota.csv,58,208609,1771935978492,1771953979415,d8:3a:dd:f7:1a:cc,176,88000000,108000000
Node6-Bogota.csv,59,208622,1771936098464,1771954104367,d8:3a:dd:f7:1a:cc,176,88000000,108000000
Node6-Bogota.csv,60,208628,1771936218316,1771954219259,d8:3a:dd:f7:1a:cc,176,88000000,108000000
Node6-Bogota.csv,61,208636,1771936338015,1771954339276,d8:3a:dd:f7:1a:cc,176,88000000,108000000
Node6-Bogota.csv,62,208644,1771936458270,1771954459156,d8:3a:dd:f7:1a:cc,176,88000000,108000000
Node6-Bogota.csv,63,208652,1771936577836,1771954578572,d8:3a:dd:f7:1a:cc,176,88000000,108000000
Node6-Bogota.csv,64,208664,1771936698578,1771954699444,d8:3a:dd:f7:1a:cc,176,88000000,108000000
Node6-Bogota.csv,65,208673,1771936818009,1771954819115,d8:3a:dd:f7:1a:cc,176,88000000,108000000
Node6-Bogota.csv,66,208681,1771936937884,1771954938953,d8:3a:dd:f7:1a:cc,176,88000000,108000000
Node6-Bogota.csv,67,208695,1771937058542,1771955064504,d8:3a:dd:f7:1a:cc,176,88000000,108000000
Node6-Bogota.csv,68,208699,1771937178196,1771955179433,d8:3a:dd:f7:1a:cc,176,88000000,108000000
Node6-Bogota.csv,69,208709,1771937298626,1771955300225,d8:3a:dd:f7:1a:cc,176,88000000,108000000
Node6-Bogota.csv,70,208717,1771937417978,1771955419029,d8:3a:dd:f7:1a:cc,176,88000000,108000000
Node6-Bogota.csv,71,208724,1771937537748,1771955538466,d8:3a:dd:f7:1a:cc,176,88000000,108000000
Node6-Bogota.csv,72,208733,1771937657797,1771955658674,d8:3a:dd:f7:1a:cc,176,88000000,108000000
Node6-Bogota.csv,73,208744,1771937778383,1771955779341,d8:3a:dd:f7:1a:cc,176,88000000,108000000
Node6-Bogota.csv,74,208752,1771937897964,1771955898882,d8:3a:dd:f7:1a:cc,176,88000000,108000000
Node6-Bogota.csv,75,208766,1771938017758,1771956023560,d8:3a:dd:f7:1a:cc,176,88000000,108000000
Node6-Bogota.csv,76,208771,1771938138577,1771956139556,d8:3a:dd:f7:1a:cc,176,88000000,108000000
Node6-Bogota.csv,77,208780,1771938258190,1771956259487,d8:3a:dd:f7:1a:cc,176,88000000,108000000
Node6-Bogota.csv,78,208790,1771938378880,1771956379778,d8:3a:dd:f7:1a:cc,176,88000000,108000000
Node6-Bogota.csv,79,208797,1771938498638,1771956499768,d8:3a:dd:f7:1a:cc,176,88000000,108000000
Node6-Bogota.csv,80,208808,1771938618465,1771956619346,d8:3a:dd:f7:1a:cc,176,88000000,108000000
Node6-Bogota.csv,81,208816,1771938738257,1771956739377,d8:3a:dd:f7:1a:cc,176,88000000,108000000
Node6-Bogota.csv,82,208825,1771938858522,1771956859491,d8:3a:dd:f7:1a:cc,176,88000000,108000000
Node6-Bogota.csv,83,208835,1771938978632,1771956979606,d8:3a:dd:f7:1a:cc,176,88000000,108000000
Node6-Bogota.csv,84,208844,1771939098330,1771957099393,d8:3a:dd:f7:1a:cc,176,88000000,108000000
Node6-Bogota.csv,85,208856,1771939221925,1771957222586,d8:3a:dd:f7:1a:cc,176,88000000,108000000
Node6-Bogota.csv,86,208860,1771939338270,1771957339059,d8:3a:dd:f7:1a:cc,176,88000000,108000000
Node6-Bogota.csv,87,208867,1771939457660,1771957458490,d8:3a:dd:f7:1a:cc,176,88000000,108000000
Node6-Bogota.csv,88,208876,1771939578113,1771957578976,d8:3a:dd:f7:1a:cc,176,88000000,108000000
Node6-Bogota.csv,89,208886,1771939698061,1771957698694,d8:3a:dd:f7:1a:cc,176,88000000,108000000
Node6-Bogota.csv,90,208902,1771939818302,1771957824212,d8:3a:dd:f7:1a:cc,176,88000000,108000000
Node6-Bogota.csv,91,208906,1771939937878,1771957939124,d8:3a:dd:f7:1a:cc,176,88000000,108000000
Node6-Bogota.csv,92,208920,1771940058129,1771958063870,d8:3a:dd:f7:1a:cc,176,88000000,108000000
Node6-Bogota.csv,93,208922,1771940177504,1771958178258,d8:3a:dd:f7:1a:cc,176,88000000,108000000
Node6-Bogota.csv,94,208932,1771940297951,1771958298837,d8:3a:dd:f7:1a:cc,176,88000000,108000000
Node6-Bogota.csv,95,208940,1771940417537,1771958418260,d8:3a:dd:f7:1a:cc,176,88000000,108000000
Node6-Bogota.csv,96,208951,1771940537984,1771958538835,d8:3a:dd:f7:1a:cc,176,88000000,108000000
Node6-Bogota.csv,97,208958,1771940657902,1771958658806,d8:3a:dd:f7:1a:cc,176,88000000,108000000
Node6-Bogota.csv,98,208967,1771940777678,1771958778503,d8:3a:dd:f7:1a:cc,176,88000000,108000000
Node6-Bogota.csv,99,208979,1771940898152,1771958899573,d8:3a:dd:f7:1a:cc,176,88000000,108000000
Node6-Bogota.csv,100,208988,1771941018283,1771959020195,d8:3a:dd:f7:1a:cc,176,88000000,108000000
Node6-Bogota.csv,101,208996,1771941137900,1771959139061,d8:3a:dd:f7:1a:cc,176,88000000,108000000
Node6-Bogota.csv,102,209003,1771941257880,1771959258662,d8:3a:dd:f7:1a:cc,176,88000000,108000000
Node6-Bogota.csv,103,209015,1771941378845,1771959379678,d8:3a:dd:f7:1a:cc,176,88000000,108000000
Node6-Bogota.csv,104,209023,1771941498485,1771959499685,d8:3a:dd:f7:1a:cc,176,88000000,108000000
Node7-Bogota.csv,0,208066,1771929020729,1771947021332,d8:3a:dd:f7:1d:b6,176,88000000,108000000
Node7-Bogota.csv,1,208076,1771929140061,1771947140640,d8:3a:dd:f7:1d:b6,176,88000000,108000000
Node7-Bogota.csv,2,208086,1771929260579,1771947261247,d8:3a:dd:f7:1d:b6,176,88000000,108000000
Node7-Bogota.csv,3,208096,1771929380308,1771947381093,d8:3a:dd:f7:1d:b6,176,88000000,108000000
Node7-Bogota.csv,4,208105,1771929499909,1771947500544,d8:3a:dd:f7:1d:b6,176,88000000,108000000
Node7-Bogota.csv,5,208116,1771929620385,1771947621182,d8:3a:dd:f7:1d:b6,176,88000000,108000000
Node7-Bogota.csv,6,208127,1771929740092,1771947740783,d8:3a:dd:f7:1d:b6,176,88000000,108000000
Node7-Bogota.csv,7,208136,1771929860086,1771947860792,d8:3a:dd:f7:1d:b6,176,88000000,108000000
Node7-Bogota.csv,8,208143,1771929979569,1771947980256,d8:3a:dd:f7:1d:b6,176,88000000,108000000
Node7-Bogota.csv,9,208154,1771930100105,1771948100697,d8:3a:dd:f7:1d:b6,176,88000000,108000000
Node7-Bogota.csv,10,208166,1771930220330,1771948220964,d8:3a:dd:f7:1d:b6,176,88000000,108000000
Node7-Bogota.csv,11,208174,1771930339686,1771948340233,d8:3a:dd:f7:1d:b6,176,88000000,108000000
Node7-Bogota.csv,12,208185,1771930460318,1771948460912,d8:3a:dd:f7:1d:b6,176,88000000,108000000
Node7-Bogota.csv,13,208194,1771930579872,1771948580473,d8:3a:dd:f7:1d:b6,176,88000000,108000000
Node7-Bogota.csv,14,208205,1771930700373,1771948700985,d8:3a:dd:f7:1d:b6,176,88000000,108000000
Node7-Bogota.csv,15,208214,1771930820029,1771948820614,d8:3a:dd:f7:1d:b6,176,88000000,108000000
Node7-Bogota.csv,16,208225,1771930940328,1771948941016,d8:3a:dd:f7:1d:b6,176,88000000,108000000
Node7-Bogota.csv,17,208235,1771931059859,1771949060603,d8:3a:dd:f7:1d:b6,176,88000000,108000000
Node7-Bogota.csv,18,208245,1771931180430,1771949181143,d8:3a:dd:f7:1d:b6,176,88000000,108000000
Node7-Bogota.csv,19,208255,1771931300515,1771949301098,d8:3a:dd:f7:1d:b6,176,88000000,108000000
Node7-Bogota.csv,20,208264,1771931420230,1771949421037,d8:3a:dd:f7:1d:b6,176,88000000,108000000
Node7-Bogota.csv,21,208273,1771931539684,1771949540636,d8:3a:dd:f7:1d:b6,176,88000000,108000000
Node7-Bogota.csv,22,208286,1771931660347,1771949661367,d8:3a:dd:f7:1d:b6,176,88000000,108000000
Node7-Bogota.csv,23,208295,1771931780410,1771949780984,d8:3a:dd:f7:1d:b6,176,88000000,108000000
Node7-Bogota.csv,24,208302,1771931899638,1771949900213,d8:3a:dd:f7:1d:b6,176,88000000,108000000
Node7-Bogota.csv,25,208314,1771932020282,1771950021002,d8:3a:dd:f7:1d:b6,176,88000000,108000000
Node7-Bogota.csv,26,208322,1771932139802,1771950140373,d8:3a:dd:f7:1d:b6,176,88000000,108000000
Node7-Bogota.csv,27,208332,1771932260248,1771950261282,d8:3a:dd:f7:1d:b6,176,88000000,108000000
Node7-Bogota.csv,28,208341,1771932380230,1771950380981,d8:3a:dd:f7:1d:b6,176,88000000,108000000
Node7-Bogota.csv,29,208348,1771932500153,1771950500763,d8:3a:dd:f7:1d:b6,176,88000000,108000000
Node7-Bogota.csv,30,208359,1771932620554,1771950621225,d8:3a:dd:f7:1d:b6,176,88000000,108000000
Node7-Bogota.csv,31,208368,1771932740016,1771950740718,d8:3a:dd:f7:1d:b6,176,88000000,108000000
Node7-Bogota.csv,32,208378,1771932860380,1771950861064,d8:3a:dd:f7:1d:b6,176,88000000,108000000
Node7-Bogota.csv,33,208389,1771932980490,1771950981089,d8:3a:dd:f7:1d:b6,176,88000000,108000000
Node7-Bogota.csv,34,208396,1771933099889,1771951100565,d8:3a:dd:f7:1d:b6,176,88000000,108000000
Node7-Bogota.csv,35,208406,1771933220429,1771951221091,d8:3a:dd:f7:1d:b6,176,88000000,108000000
Node7-Bogota.csv,36,208412,1771933339762,1771951340340,d8:3a:dd:f7:1d:b6,176,88000000,108000000
Node7-Bogota.csv,37,208422,1771933460090,1771951460667,d8:3a:dd:f7:1d:b6,176,88000000,108000000
Node7-Bogota.csv,38,208433,1771933580953,1771951581887,d8:3a:dd:f7:1d:b6,176,88000000,108000000
Node7-Bogota.csv,39,208439,1771933699591,1771951700206,d8:3a:dd:f7:1d:b6,176,88000000,108000000
Node7-Bogota.csv,40,208451,1771933820444,1771951821292,d8:3a:dd:f7:1d:b6,176,88000000,108000000
Node7-Bogota.csv,41,208460,1771933940249,1771951940886,d8:3a:dd:f7:1d:b6,176,88000000,108000000
Node7-Bogota.csv,42,208467,1771934059702,1771952060367,d8:3a:dd:f7:1d:b6,176,88000000,108000000
Node7-Bogota.csv,43,208477,1771934180031,1771952180733,d8:3a:dd:f7:1d:b6,176,88000000,108000000
Node7-Bogota.csv,44,208487,1771934300245,1771952301071,d8:3a:dd:f7:1d:b6,176,88000000,108000000
Node7-Bogota.csv,45,208495,1771934419912,1771952420524,d8:3a:dd:f7:1d:b6,176,88000000,108000000
Node7-Bogota.csv,46,208504,1771934540367,1771952540953,d8:3a:dd:f7:1d:b6,176,88000000,108000000
Node7-Bogota.csv,47,208512,1771934659817,1771952660600,d8:3a:dd:f7:1d:b6,176,88000000,108000000
Node7-Bogota.csv,48,208523,1771934780660,1771952781431,d8:3a:dd:f7:1d:b6,176,88000000,108000000
Node7-Bogota.csv,49,208533,1771934900302,1771952900896,d8:3a:dd:f7:1d:b6,176,88000000,108000000
Node7-Bogota.csv,50,208540,1771935019866,1771953020545,d8:3a:dd:f7:1d:b6,176,88000000,108000000
Node7-Bogota.csv,51,208549,1771935140304,1771953140956,d8:3a:dd:f7:1d:b6,176,88000000,108000000
Node7-Bogota.csv,52,208557,1771935259618,1771953260228,d8:3a:dd:f7:1d:b6,176,88000000,108000000
Node7-Bogota.csv,53,208566,1771935380059,1771953380789,d8:3a:dd:f7:1d:b6,176,88000000,108000000
Node7-Bogota.csv,54,208577,1771935499692,1771953500767,d8:3a:dd:f7:1d:b6,176,88000000,108000000
Node7-Bogota.csv,55,208586,1771935620587,1771953621160,d8:3a:dd:f7:1d:b6,176,88000000,108000000
Node7-Bogota.csv,56,208593,1771935739830,1771953740545,d8:3a:dd:f7:1d:b6,176,88000000,108000000
Node7-Bogota.csv,57,208604,1771935860526,1771953861091,d8:3a:dd:f7:1d:b6,176,88000000,108000000
Node7-Bogota.csv,58,208613,1771935979825,1771953980607,d8:3a:dd:f7:1d:b6,176,88000000,108000000
Node7-Bogota.csv,59,208620,1771936100423,1771954101325,d8:3a:dd:f7:1d:b6,176,88000000,108000000
Node7-Bogota.csv,60,208629,1771936220176,1771954220741,d8:3a:dd:f7:1d:b6,176,88000000,108000000
Node7-Bogota.csv,61,208641,1771936340485,1771954341194,d8:3a:dd:f7:1d:b6,176,88000000,108000000
Node7-Bogota.csv,62,208649,1771936460050,1771954460660,d8:3a:dd:f7:1d:b6,176,88000000,108000000
Node7-Bogota.csv,63,208659,1771936580556,1771954581292,d8:3a:dd:f7:1d:b6,176,88000000,108000000
Node7-Bogota.csv,64,208667,1771936700105,1771954700768,d8:3a:dd:f7:1d:b6,176,88000000,108000000
Node7-Bogota.csv,65,208674,1771936819567,1771954820175,d8:3a:dd:f7:1d:b6,176,88000000,108000000
Node7-Bogota.csv,66,208684,1771936940076,1771954940766,d8:3a:dd:f7:1d:b6,176,88000000,108000000
Node7-Bogota.csv,67,208691,1771937059592,1771955060281,d8:3a:dd:f7:1d:b6,176,88000000,108000000
Node7-Bogota.csv,68,208704,1771937180252,1771955181192,d8:3a:dd:f7:1d:b6,176,88000000,108000000
Node7-Bogota.csv,69,208710,1771937299765,1771955300461,d8:3a:dd:f7:1d:b6,176,88000000,108000000
Node7-Bogota.csv,70,208720,1771937420269,1771955421016,d8:3a:dd:f7:1d:b6,176,88000000,108000000
Node7-Bogota.csv,71,208728,1771937539745,1771955540314,d8:3a:dd:f7:1d:b6,176,88000000,108000000
Node7-Bogota.csv,72,208738,1771937660308,1771955660899,d8:3a:dd:f7:1d:b6,176,88000000,108000000
Node7-Bogota.csv,73,208749,1771937779889,1771955780918,d8:3a:dd:f7:1d:b6,176,88000000,108000000
Node7-Bogota.csv,74,208757,1771937900152,1771955900792,d8:3a:dd:f7:1d:b6,176,88000000,108000000
Node7-Bogota.csv,75,208763,1771938020034,1771956020585,d8:3a:dd:f7:1d:b6,176,88000000,108000000
Node7-Bogota.csv,76,208775,1771938140846,1771956141498,d8:3a:dd:f7:1d:b6,176,88000000,108000000
Node7-Bogota.csv,77,208783,1771938260068,1771956260723,d8:3a:dd:f7:1d:b6,176,88000000,108000000
Node7-Bogota.csv,78,208794,1771938380696,1771956381438,d8:3a:dd:f7:1d:b6,176,88000000,108000000
Node7-Bogota.csv,79,208800,1771938500070,1771956500771,d8:3a:dd:f7:1d:b6,176,88000000,108000000
Node7-Bogota.csv,80,208812,1771938620598,1771956621180,d8:3a:dd:f7:1d:b6,176,88000000,108000000
Node7-Bogota.csv,81,208820,1771938740464,1771956741092,d8:3a:dd:f7:1d:b6,176,88000000,108000000
Node7-Bogota.csv,82,208828,1771938860203,1771956860932,d8:3a:dd:f7:1d:b6,176,88000000,108000000
Node7-Bogota.csv,83,208837,1771938979648,1771956980315,d8:3a:dd:f7:1d:b6,176,88000000,108000000
Node7-Bogota.csv,84,208846,1771939100210,1771957100811,d8:3a:dd:f7:1d:b6,176,88000000,108000000
Node7-Bogota.csv,85,208854,1771939219759,1771957220434,d8:3a:dd:f7:1d:b6,176,88000000,108000000
Node7-Bogota.csv,86,208864,1771939340391,1771957341038,d8:3a:dd:f7:1d:b6,176,88000000,108000000
Node7-Bogota.csv,87,208872,1771939459833,1771957460508,d8:3a:dd:f7:1d:b6,176,88000000,108000000
Node7-Bogota.csv,88,208882,1771939580395,1771957581013,d8:3a:dd:f7:1d:b6,176,88000000,108000000
Node7-Bogota.csv,89,208890,1771939699876,1771957700479,d8:3a:dd:f7:1d:b6,176,88000000,108000000
Node7-Bogota.csv,90,208900,1771939820343,1771957821188,d8:3a:dd:f7:1d:b6,176,88000000,108000000
Node7-Bogota.csv,91,208909,1771939940214,1771957940938,d8:3a:dd:f7:1d:b6,176,88000000,108000000
Node7-Bogota.csv,92,208917,1771940059848,1771958060683,d8:3a:dd:f7:1d:b6,176,88000000,108000000
Node7-Bogota.csv,93,208929,1771940180681,1771958181353,d8:3a:dd:f7:1d:b6,176,88000000,108000000
Node7-Bogota.csv,94,208937,1771940300246,1771958300968,d8:3a:dd:f7:1d:b6,176,88000000,108000000
Node7-Bogota.csv,95,208945,1771940419976,1771958420645,d8:3a:dd:f7:1d:b6,176,88000000,108000000
Node7-Bogota.csv,96,208954,1771940540427,1771958541065,d8:3a:dd:f7:1d:b6,176,88000000,108000000
Node7-Bogota.csv,97,208964,1771940659847,1771958660629,d8:3a:dd:f7:1d:b6,176,88000000,108000000
Node7-Bogota.csv,98,208973,1771940780773,1771958781438,d8:3a:dd:f7:1d:b6,176,88000000,108000000
Node7-Bogota.csv,99,208981,1771940900716,1771958901260,d8:3a:dd:f7:1d:b6,176,88000000,108000000
Node7-Bogota.csv,100,208991,1771941020497,1771959021144,d8:3a:dd:f7:1d:b6,176,88000000,108000000
Node7-Bogota.csv,101,209000,1771941139974,1771959140664,d8:3a:dd:f7:1d:b6,176,88000000,108000000
Node7-Bogota.csv,102,209008,1771941260535,1771959261157,d8:3a:dd:f7:1d:b6,176,88000000,108000000
Node7-Bogota.csv,103,209017,1771941379981,1771959380597,d8:3a:dd:f7:1d:b6,176,88000000,108000000
Node7-Bogota.csv,104,209027,1771941500488,1771959501143,d8:3a:dd:f7:1d:b6,176,88000000,108000000
Node8-Bogota.csv,0,208064,1771929018490,1771947019272,d8:3a:dd:f7:1b:20,176,88000000,108000000
Node8-Bogota.csv,1,208070,1771929137917,1771947138578,d8:3a:dd:f7:1b:20,176,88000000,108000000
Node8-Bogota.csv,2,208081,1771929258516,1771947259206,d8:3a:dd:f7:1b:20,176,88000000,108000000
Node8-Bogota.csv,3,208091,1771929377905,1771947378565,d8:3a:dd:f7:1b:20,176,88000000,108000000
Node8-Bogota.csv,4,208101,1771929498250,1771947498954,d8:3a:dd:f7:1b:20,176,88000000,108000000
Node8-Bogota.csv,5,208108,1771929617733,1771947618576,d8:3a:dd:f7:1b:20,176,88000000,108000000
Node8-Bogota.csv,6,208120,1771929738110,1771947738719,d8:3a:dd:f7:1b:20,176,88000000,108000000
Node8-Bogota.csv,7,208133,1771929858874,1771947859560,d8:3a:dd:f7:1b:20,176,88000000,108000000
Node8-Bogota.csv,8,208141,1771929978232,1771947978902,d8:3a:dd:f7:1b:20,176,88000000,108000000
Node8-Bogota.csv,9,208150,1771930097518,1771948098244,d8:3a:dd:f7:1b:20,176,88000000,108000000
Node8-Bogota.csv,10,208167,1771930217909,1771948223732,d8:3a:dd:f7:1b:20,176,88000000,108000000
Node8-Bogota.csv,11,208171,1771930338411,1771948338991,d8:3a:dd:f7:1b:20,176,88000000,108000000
Node8-Bogota.csv,12,208179,1771930457749,1771948458343,d8:3a:dd:f7:1b:20,176,88000000,108000000
Node8-Bogota.csv,13,208190,1771930578118,1771948578947,d8:3a:dd:f7:1b:20,176,88000000,108000000
Node8-Bogota.csv,14,208199,1771930697583,1771948698180,d8:3a:dd:f7:1b:20,176,88000000,108000000
Node8-Bogota.csv,15,208210,1771930817846,1771948818423,d8:3a:dd:f7:1b:20,176,88000000,108000000
Node8-Bogota.csv,16,208221,1771930938149,1771948938912,d8:3a:dd:f7:1b:20,176,88000000,108000000
Node8-Bogota.csv,17,208229,1771931057731,1771949058323,d8:3a:dd:f7:1b:20,176,88000000,108000000
Node8-Bogota.csv,18,208240,1771931178086,1771949178657,d8:3a:dd:f7:1b:20,176,88000000,108000000
Node8-Bogota.csv,19,208249,1771931298453,1771949299187,d8:3a:dd:f7:1b:20,176,88000000,108000000
Node8-Bogota.csv,20,208266,1771931418577,1771949424486,d8:3a:dd:f7:1b:20,176,88000000,108000000
Node8-Bogota.csv,21,208270,1771931538141,1771949538739,d8:3a:dd:f7:1b:20,176,88000000,108000000
Node8-Bogota.csv,22,208287,1771931658717,1771949664348,d8:3a:dd:f7:1b:20,176,88000000,108000000
Node9-Funza.csv,0,208059,1771929002532,1771947003755,d8:3a:dd:f4:4e:d1,176,137000000,157000000
Node9-Funza.csv,1,208068,1771929122104,1771947123252,d8:3a:dd:f4:4e:d1,176,88000000,108000000
Node9-Funza.csv,2,208078,1771929242609,1771947243896,d8:3a:dd:f4:4e:d1,176,88000000,108000000
Node9-Funza.csv,3,208088,1771929362568,1771947363464,d8:3a:dd:f4:4e:d1,176,88000000,108000000
Node9-Funza.csv,4,208098,1771929482803,1771947483716,d8:3a:dd:f4:4e:d1,176,88000000,108000000
Node9-Funza.csv,5,208107,1771929602074,1771947603071,d8:3a:dd:f4:4e:d1,176,88000000,108000000
Node9-Funza.csv,6,208118,1771929722563,1771947723693,d8:3a:dd:f4:4e:d1,176,88000000,108000000
Node9-Funza.csv,7,208128,1771929842865,1771947844319,d8:3a:dd:f4:4e:d1,176,88000000,108000000
Node9-Funza.csv,8,208138,1771929962506,1771947963532,d8:3a:dd:f4:4e:d1,176,88000000,108000000
Node9-Funza.csv,9,208148,1771930082811,1771948083852,d8:3a:dd:f4:4e:d1,176,88000000,108000000
Node9-Funza.csv,10,208158,1771930202110,1771948204145,d8:3a:dd:f4:4e:d1,176,88000000,108000000
Node9-Funza.csv,11,208168,1771930322537,1771948323555,d8:3a:dd:f4:4e:d1,176,88000000,108000000
Node9-Funza.csv,12,208178,1771930442816,1771948444076,d8:3a:dd:f4:4e:d1,176,88000000,108000000
Node9-Funza.csv,13,208188,1771930562545,1771948563499,d8:3a:dd:f4:4e:d1,176,88000000,108000000
Node9-Funza.csv,14,208198,1771930682999,1771948684115,d8:3a:dd:f4:4e:d1,176,88000000,108000000
Node9-Funza.csv,15,208208,1771930802775,1771948804178,d8:3a:dd:f4:4e:d1,176,88000000,108000000
Node9-Funza.csv,16,208218,1771930922456,1771948923748,d8:3a:dd:f4:4e:d1,176,88000000,108000000
Node9-Funza.csv,17,208228,1771931042060,1771949043117,d8:3a:dd:f4:4e:d1,176,88000000,108000000
Node9-Funza.csv,18,208238,1771931162722,1771949163699,d8:3a:dd:f4:4e:d1,176,88000000,108000000
Node9-Funza.csv,19,208247,1771931282398,1771949283457,d8:3a:dd:f4:4e:d1,176,88000000,108000000
Node9-Funza.csv,20,208257,1771931403000,1771949404008,d8:3a:dd:f4:4e:d1,176,88000000,108000000
Node9-Funza.csv,21,208268,1771931522483,1771949523380,d8:3a:dd:f4:4e:d1,176,88000000,108000000
Node9-Funza.csv,22,208278,1771931642951,1771949644030,d8:3a:dd:f4:4e:d1,176,88000000,108000000
Node9-Funza.csv,23,208288,1771931762702,1771949763660,d8:3a:dd:f4:4e:d1,176,88000000,108000000
Node9-Funza.csv,24,208297,1771931882168,1771949883295,d8:3a:dd:f4:4e:d1,176,88000000,108000000
Node9-Funza.csv,25,208306,1771932002499,1771950003431,d8:3a:dd:f4:4e:d1,176,88000000,108000000
Node9-Funza.csv,26,208315,1771932123035,1771950123917,d8:3a:dd:f4:4e:d1,176,88000000,108000000
Node9-Funza.csv,27,208324,1771932242600,1771950243509,d8:3a:dd:f4:4e:d1,176,88000000,108000000
Node9-Funza.csv,28,208333,1771932362839,1771950363778,d8:3a:dd:f4:4e:d1,176,88000000,108000000
Node9-Funza.csv,29,208342,1771932482074,1771950483108,d8:3a:dd:f4:4e:d1,176,88000000,108000000
Node9-Funza.csv,30,208351,1771932602551,1771950603388,d8:3a:dd:f4:4e:d1,176,88000000,108000000
Node9-Funza.csv,31,208360,1771932722616,1771950723527,d8:3a:dd:f4:4e:d1,176,88000000,108000000
Node9-Funza.csv,32,208371,1771932843538,1771950844429,d8:3a:dd:f4:4e:d1,176,88000000,108000000
Node9-Funza.csv,33,208381,1771932962613,1771950963537,d8:3a:dd:f4:4e:d1,176,88000000,108000000
Node9-Funza.csv,34,208390,1771933082877,1771951083865,d8:3a:dd:f4:4e:d1,176,88000000,108000000
Node9-Funza.csv,35,208399,1771933202106,1771951202960,d8:3a:dd:f4:4e:d1,176,88000000,108000000
Node9-Funza.csv,36,208408,1771933322124,1771951323625,d8:3a:dd:f4:4e:d1,176,88000000,108000000
Node9-Funza.csv,37,208416,1771933442805,1771951443736,d8:3a:dd:f4:4e:d1,176,88000000,108000000
Node9-Funza.csv,38,208425,1771933562151,1771951563137,d8:3a:dd:f4:4e:d1,176,88000000,108000000
Node9-Funza.csv,39,208435,1771933682431,1771951683471,d8:3a:dd:f4:4e:d1,176,88000000,108000000
Node9-Funza.csv,40,208444,1771933802715,1771951803641,d8:3a:dd:f4:4e:d1,176,88000000,108000000
Node9-Funza.csv,41,208453,1771933922117,1771951923032,d8:3a:dd:f4:4e:d1,176,88000000,108000000
Node9-Funza.csv,42,208462,1771934042363,1771952043302,d8:3a:dd:f4:4e:d1,176,88000000,108000000
Node9-Funza.csv,43,208471,1771934162748,1771952163632,d8:3a:dd:f4:4e:d1,176,88000000,108000000
Node9-Funza.csv,44,208480,1771934282349,1771952283307,d8:3a:dd:f4:4e:d1,176,88000000,108000000
Node9-Funza.csv,45,208489,1771934402742,1771952403671,d8:3a:dd:f4:4e:d1,176,88000000,108000000
Node9-Funza.csv,46,208498,1771934522424,1771952523342,d8:3a:dd:f4:4e:d1,176,88000000,108000000
Node9-Funza.csv,47,208507,1771934643090,1771952643983,d8:3a:dd:f4:4e:d1,176,88000000,108000000
Node9-Funza.csv,48,208516,1771934762549,1771952763459,d8:3a:dd:f4:4e:d1,176,88000000,108000000
Node9-Funza.csv,49,208525,1771934883139,1771952883983,d8:3a:dd:f4:4e:d1,176,88000000,108000000
Node9-Funza.csv,50,208534,1771935002476,1771953003350,d8:3a:dd:f4:4e:d1,176,88000000,108000000
Node9-Funza.csv,51,208543,1771935122649,1771953123799,d8:3a:dd:f4:4e:d1,176,88000000,108000000
Node9-Funza.csv,52,208552,1771935242334,1771953243280,d8:3a:dd:f4:4e:d1,176,88000000,108000000
Node9-Funza.csv,53,208561,1771935362565,1771953363533,d8:3a:dd:f4:4e:d1,176,88000000,108000000
Node9-Funza.csv,54,208570,1771935482912,1771953483802,d8:3a:dd:f4:4e:d1,176,88000000,108000000
Node9-Funza.csv,55,208579,1771935602515,1771953603547,d8:3a:dd:f4:4e:d1,176,88000000,108000000
Node9-Funza.csv,56,208588,1771935723297,1771953724615,d8:3a:dd:f4:4e:d1,176,88000000,108000000
Node9-Funza.csv,57,208597,1771935841933,1771953842934,d8:3a:dd:f4:4e:d1,176,88000000,108000000
Node9-Funza.csv,58,208606,1771935962390,1771953964347,d8:3a:dd:f4:4e:d1,176,88000000,108000000
Node9-Funza.csv,59,208615,1771936083218,1771954084873,d8:3a:dd:f4:4e:d1,176,88000000,108000000
Node9-Funza.csv,60,208624,1771936202809,1771954204039,d8:3a:dd:f4:4e:d1,176,88000000,108000000
Node9-Funza.csv,61,208633,1771936322590,1771954323824,d8:3a:dd:f4:4e:d1,176,88000000,108000000
Node9-Funza.csv,62,208642,1771936442155,1771954443313,d8:3a:dd:f4:4e:d1,176,88000000,108000000
Node9-Funza.csv,63,208651,1771936563080,1771954564036,d8:3a:dd:f4:4e:d1,176,88000000,108000000
Node9-Funza.csv,64,208660,1771936682354,1771954683240,d8:3a:dd:f4:4e:d1,176,88000000,108000000
Node9-Funza.csv,65,208669,1771936802823,1771954804020,d8:3a:dd:f4:4e:d1,176,88000000,108000000
Node9-Funza.csv,66,208678,1771936922444,1771954923271,d8:3a:dd:f4:4e:d1,176,88000000,108000000
Node9-Funza.csv,67,208687,1771937043005,1771955043933,d8:3a:dd:f4:4e:d1,176,88000000,108000000
Node9-Funza.csv,68,208696,1771937162304,1771955163859,d8:3a:dd:f4:4e:d1,176,88000000,108000000
Node9-Funza.csv,69,208705,1771937282752,1771955283900,d8:3a:dd:f4:4e:d1,176,88000000,108000000
Node9-Funza.csv,70,208714,1771937402469,1771955403521,d8:3a:dd:f4:4e:d1,176,88000000,108000000
Node9-Funza.csv,71,208723,1771937523223,1771955524384,d8:3a:dd:f4:4e:d1,176,88000000,108000000
Node9-Funza.csv,72,208732,1771937643123,1771955644113,d8:3a:dd:f4:4e:d1,176,88000000,108000000
Node9-Funza.csv,73,208741,1771937762398,1771955763632,d8:3a:dd:f4:4e:d1,176,88000000,108000000
Node9-Funza.csv,74,208750,1771937881990,1771955882979,d8:3a:dd:f4:4e:d1,176,88000000,108000000
Node9-Funza.csv,75,208758,1771938002601,1771956003640,d8:3a:dd:f4:4e:d1,176,88000000,108000000
Node9-Funza.csv,76,208768,1771938122925,1771956123948,d8:3a:dd:f4:4e:d1,176,88000000,108000000
Node9-Funza.csv,77,208777,1771938242201,1771956243187,d8:3a:dd:f4:4e:d1,176,88000000,108000000
Node9-Funza.csv,78,208786,1771938362444,1771956363632,d8:3a:dd:f4:4e:d1,176,88000000,108000000
Node9-Funza.csv,79,208795,1771938482031,1771956483140,d8:3a:dd:f4:4e:d1,176,88000000,108000000
Node9-Funza.csv,80,208804,1771938602681,1771956603743,d8:3a:dd:f4:4e:d1,176,88000000,108000000
Node9-Funza.csv,81,208813,1771938722111,1771956722900,d8:3a:dd:f4:4e:d1,176,88000000,108000000
Node9-Funza.csv,82,208822,1771938842169,1771956843017,d8:3a:dd:f4:4e:d1,176,88000000,108000000
Node9-Funza.csv,83,208831,1771938962362,1771956963472,d8:3a:dd:f4:4e:d1,176,88000000,108000000
Node9-Funza.csv,84,208840,1771939083100,1771957084033,d8:3a:dd:f4:4e:d1,176,88000000,108000000
Node9-Funza.csv,85,208849,1771939202359,1771957203240,d8:3a:dd:f4:4e:d1,176,88000000,108000000
Node9-Funza.csv,86,208858,1771939322544,1771957323461,d8:3a:dd:f4:4e:d1,176,88000000,108000000
Node9-Funza.csv,87,208866,1771939443108,1771957443977,d8:3a:dd:f4:4e:d1,176,88000000,108000000
Node9-Funza.csv,88,208875,1771939562355,1771957563230,d8:3a:dd:f4:4e:d1,176,88000000,108000000
Node9-Funza.csv,89,208885,1771939682604,1771957683630,d8:3a:dd:f4:4e:d1,176,88000000,108000000
Node9-Funza.csv,90,208894,1771939802887,1771957803817,d8:3a:dd:f4:4e:d1,176,88000000,108000000
Node9-Funza.csv,91,208903,1771939922596,1771957923480,d8:3a:dd:f4:4e:d1,176,88000000,108000000
Node9-Funza.csv,92,208912,1771940042810,1771958043782,d8:3a:dd:f4:4e:d1,176,88000000,108000000
Node9-Funza.csv,93,208921,1771940162439,1771958163502,d8:3a:dd:f4:4e:d1,176,88000000,108000000
Node9-Funza.csv,94,208930,1771940283291,1771958284213,d8:3a:dd:f4:4e:d1,176,88000000,108000000
Node9-Funza.csv,95,208939,1771940402518,1771958403439,d8:3a:dd:f4:4e:d1,176,88000000,108000000
Node9-Funza.csv,96,208948,1771940522924,1771958523859,d8:3a:dd:f4:4e:d1,176,88000000,108000000
Node9-Funza.csv,97,208957,1771940642404,1771958643333,d8:3a:dd:f4:4e:d1,176,88000000,108000000
Node9-Funza.csv,98,208966,1771940762647,1771958763596,d8:3a:dd:f4:4e:d1,176,88000000,108000000
Node9-Funza.csv,99,208975,1771940883162,1771958884064,d8:3a:dd:f4:4e:d1,176,88000000,108000000
Node9-Funza.csv,100,208984,1771941003216,1771959004473,d8:3a:dd:f4:4e:d1,176,88000000,108000000
Node9-Funza.csv,101,208993,1771941122812,1771959123703,d8:3a:dd:f4:4e:d1,176,88000000,108000000
Node9-Funza.csv,102,209002,1771941242082,1771959243155,d8:3a:dd:f4:4e:d1,176,88000000,108000000
Node9-Funza.csv,103,209011,1771941362812,1771959363940,d8:3a:dd:f4:4e:d1,176,88000000,108000000
Node9-Funza.csv,104,209020,1771941482139,1771959483263,d8:3a:dd:f4:4e:d1,176,88000000,108000000
